//  Catapult Ultra Synthesis 2025.2_1/1197638 (Production Release) Thu Jun 12 00:48:01 PDT 2025
//  
//          Copyright (c) Siemens EDA, 1996-2025, All Rights Reserved.
//                        UNPUBLISHED, LICENSED SOFTWARE.
//             CONFIDENTIAL AND PROPRIETARY INFORMATION WHICH IS THE
//                   PROPERTY OF SIEMENS EDA OR ITS LICENSORS.
//  
//  Running on Linux soc_lab_LMJ@ssu_soc_lab:177103 3.10.0-1160.108.1.el7.x86_64 x86_64 aol
//  
//  Package information: SIFLIBS v28.2_1.0, HLS_PKGS v28.2_1.0, 
//                       SIF_TOOLKITS v28.2_1.0, SIF_XILINX v28.2_1.0, 
//                       SIF_ALTERA v28.2_1.0, CCS_LIBS v28.2_1.0, 
//                       CDS_PPRO v2025.1, CDS_DesignChecker v2025.1_1, 
//                       CDS_OASYS v21.1_3.1, CDS_PSR v25.1_0.14, 
//                       DesignPad v2.78_1.0, DesignAnalyzer 2025.2/1187690
//  
//  Start time Sat Feb  7 03:24:27 2026
# -------------------------------------------------
# Logging session transcript to file "/tmp/log177103b02c170f.0"
# Loading options from '$HOME/.catapult/2025.2_1-1197638.aol.reg'.
# Creating project directory '/mnt/HDD/soc_lab_LMJ/catapultwork/git/HLS/Binary_cnn/stem_processor/'. (PRJ-1)
# Moving session transcript to file "/mnt/HDD/soc_lab_LMJ/catapultwork/git/HLS/Binary_cnn/catapult.log"
solution library add nangate-45nm_beh -- -rtlsyntool DesignCompiler -vendor Nangate -technology 045nm
solution library add ram_nangate-45nm_pipe_beh
solution library add ram_nangate-45nm-dualport_beh
solution library add ram_nangate-45nm-separate_beh
solution library add ram_nangate-45nm-singleport_beh
solution library add ram_nangate-45nm-register-file_beh
solution library add rom_nangate-45nm_beh
solution library add rom_nangate-45nm-sync_regin_beh
solution library add rom_nangate-45nm-sync_regout_beh
solution library add ccs_sample_mem
solution library add ccs_sample_rom
solution library add amba
solution library add ML_amba
go libraries
# Info: Starting transformation 'libraries' on solution 'StemProcessor.v1' (SOL-8)
# Info: Please set ComponentLibs/TechLibSearchPath to enable flows that use downstream synthesis tools (LIB-220)
# Reading component library '$MGC_HOME/pkgs/siflibs/mgc_busdefs.lib' [mgc_busdefs]... (LIB-49)
# Reading component library '$MGC_HOME/pkgs/siflibs/stdops.lib' [STDOPS]... (LIB-49)
# Reading component library '$MGC_HOME/pkgs/siflibs/fpops.lib' [FPOPS]... (LIB-49)
# Reading component library '$MGC_HOME/pkgs/siflibs/ccs_dw_ops.lib' [CCS_DW_OPS]... (LIB-49)
# Reading component library '$MGC_HOME/pkgs/siflibs/ccs_ioport.lib' [ccs_ioport]... (LIB-49)
# Reading component library '$MGC_HOME/pkgs/siflibs/mgc_ioport.lib' [mgc_ioport]... (LIB-49)
# Reading component library '$MGC_HOME/pkgs/cds_assert/assert_ops.lib' [ASSERT_OPS]... (LIB-49)
# Reading component library '$MGC_HOME/pkgs/cds_assert/assert_mods.lib' [assert_mods]... (LIB-49)
# Reading component library '$MGC_HOME/pkgs/siflibs/ccs_connections.lib' [ccs_connections]... (LIB-49)
# Reading component library '$MGC_HOME/pkgs/siflibs/nangate/nangate-45nm_beh.lib' [nangate-45nm_beh]... (LIB-49)
# Reading component library '$MGC_HOME/pkgs/siflibs/nangate/ram_nangate-45nm_pipe_beh.lib' [ram_nangate-45nm_pipe_beh]... (LIB-49)
# Reading component library '$MGC_HOME/pkgs/siflibs/nangate/ram_nangate-45nm-dualport_beh.lib' [ram_nangate-45nm-dualport_beh]... (LIB-49)
# Reading component library '$MGC_HOME/pkgs/siflibs/nangate/ram_nangate-45nm-separate_beh.lib' [ram_nangate-45nm-separate_beh]... (LIB-49)
# Reading component library '$MGC_HOME/pkgs/siflibs/nangate/ram_nangate-45nm-singleport_beh.lib' [ram_nangate-45nm-singleport_beh]... (LIB-49)
# Reading component library '$MGC_HOME/pkgs/siflibs/nangate/ram_nangate-45nm-register-file_beh.lib' [ram_nangate-45nm-register-file_beh]... (LIB-49)
# Reading component library '$MGC_HOME/pkgs/siflibs/nangate/rom_nangate-45nm_beh.lib' [rom_nangate-45nm_beh]... (LIB-49)
# Reading component library '$MGC_HOME/pkgs/siflibs/nangate/rom_nangate-45nm-sync_regin_beh.lib' [rom_nangate-45nm-sync_regin_beh]... (LIB-49)
# Reading component library '$MGC_HOME/pkgs/siflibs/nangate/rom_nangate-45nm-sync_regout_beh.lib' [rom_nangate-45nm-sync_regout_beh]... (LIB-49)
# Reading component library '$MGC_HOME/pkgs/siflibs/ccs_sample_mem.lib' [ccs_sample_mem]... (LIB-49)
# Reading component library '$MGC_HOME/pkgs/siflibs/ccs_sample_rom.lib' [ccs_sample_rom]... (LIB-49)
# Reading component library '$MGC_HOME/pkgs/ccs_libs/interfaces/amba/amba.lib' [amba]... (LIB-49)
# Reading component library '$MGC_HOME/pkgs/ccs_libs/interfaces/amba/ML_amba.lib' [ML_amba]... (LIB-49)
# Info: Completed transformation 'libraries' on solution 'StemProcessor.v1': elapsed time 0.89 seconds, memory usage 1485324kB, peak memory usage 1485324kB (SOL-9)
# Info: Design complexity at end of 'libraries': Total ops = 1090, Real ops = 285, Vars = 190 (SOL-21)
directive set -CLOCKS {clk {-CLOCK_PERIOD 3.33 -CLOCK_EDGE rising -CLOCK_HIGH_TIME 1.665 -CLOCK_OFFSET 0.000000 -CLOCK_UNCERTAINTY 0.0 -RESET_KIND sync -RESET_SYNC_NAME rst -RESET_SYNC_ACTIVE high -RESET_ASYNC_NAME arst_n -RESET_ASYNC_ACTIVE low -ENABLE_NAME {} -ENABLE_ACTIVE high}}
# /CLOCKS {clk {-CLOCK_PERIOD 3.33 -CLOCK_EDGE rising -CLOCK_HIGH_TIME 1.665 -CLOCK_OFFSET 0.000000 -CLOCK_UNCERTAINTY 0.0 -RESET_KIND sync -RESET_SYNC_NAME rst -RESET_SYNC_ACTIVE high -RESET_ASYNC_NAME arst_n -RESET_ASYNC_ACTIVE low -ENABLE_NAME {} -ENABLE_ACTIVE high}}
go assembly
# Info: Starting transformation 'assembly' on solution 'StemProcessor.v1' (SOL-8)
# Info: Completed transformation 'assembly' on solution 'StemProcessor.v1': elapsed time 15.15 seconds, memory usage 1550860kB, peak memory usage 1550860kB (SOL-9)
# Info: Design complexity at end of 'assembly': Total ops = 1095, Real ops = 290, Vars = 192 (SOL-21)
go architect
# Info: Starting transformation 'loops' on solution 'StemProcessor.v1' (SOL-8)
# $PROJECT_HOME/src/stem/stem_processor.cpp(59): Loop '/StemProcessor/run/for:for:for:for' is left rolled. (LOOP-4)
# $PROJECT_HOME/src/stem/stem_processor.cpp(58): Loop '/StemProcessor/run/for:for:for' is left rolled. (LOOP-4)
# $PROJECT_HOME/src/stem/stem_processor.cpp(55): Loop '/StemProcessor/run/for:for' is left rolled. (LOOP-4)
# $PROJECT_HOME/src/stem/stem_processor.cpp(54): Loop '/StemProcessor/run/for' is left rolled. (LOOP-4)
# $PROJECT_HOME/src/stem/stem_processor.cpp(70): Loop '/StemProcessor/run/for#1:for' is left rolled. (LOOP-4)
# $PROJECT_HOME/src/stem/stem_processor.cpp(68): Loop '/StemProcessor/run/for#1' is left rolled. (LOOP-4)
# $PROJECT_HOME/src/stem/stem_processor.cpp(82): Loop '/StemProcessor/run/for#2:for:for:for' is left rolled. (LOOP-4)
# $PROJECT_HOME/src/stem/stem_processor.cpp(81): Loop '/StemProcessor/run/for#2:for:for' is left rolled. (LOOP-4)
# $PROJECT_HOME/src/stem/stem_processor.cpp(78): Loop '/StemProcessor/run/for#2:for' is left rolled. (LOOP-4)
# $PROJECT_HOME/src/stem/stem_processor.cpp(77): Loop '/StemProcessor/run/for#2' is left rolled. (LOOP-4)
# $PROJECT_HOME/src/stem/stem_processor.cpp(93): Loop '/StemProcessor/run/for#3:for' is left rolled. (LOOP-4)
# $PROJECT_HOME/src/stem/stem_processor.cpp(91): Loop '/StemProcessor/run/for#3' is left rolled. (LOOP-4)
# $PROJECT_HOME/src/stem/stem_processor.cpp(105): Loop '/StemProcessor/run/if#1:for' is left rolled. (LOOP-4)
# $PROJECT_HOME/src/stem/stem_processor.cpp(106): Loop '/StemProcessor/run/if#1:for#1' is left rolled. (LOOP-4)
# $PROJECT_HOME/src/stem/stem_processor.cpp(107): Loop '/StemProcessor/run/if#1:for#2' is left rolled. (LOOP-4)
# $PROJECT_HOME/src/stem/stem_processor.cpp(108): Loop '/StemProcessor/run/if#1:for#3' is left rolled. (LOOP-4)
# $PROJECT_HOME/src/stem/stem_processor.cpp(167): Loop '/StemProcessor/run/STAGE1_READ_COL:for' is being fully unrolled (3 times). (LOOP-7)
# $PROJECT_HOME/src/stem/stem_buffer.h(66): Loop '/StemProcessor/run/WRITE_RGB' is being fully unrolled (64 times). (LOOP-7)
# $PROJECT_HOME/src/stem/stem_buffer.h(124): Loop '/StemProcessor/run/EXTRACT_CH' is being fully unrolled (64 times). (LOOP-7)
# $PROJECT_HOME/src/stem/stem_processor.cpp(202): Loop '/StemProcessor/run/CONV0_K:for' is being fully unrolled (3 times). (LOOP-7)
# $PROJECT_HOME/src/stem/stem_processor.cpp(215): Loop '/StemProcessor/run/STAGE2_CONV0_COL:for#1' is being fully unrolled (32 times). (LOOP-7)
# $PROJECT_HOME/src/stem/stem_buffer.h(83): Loop '/StemProcessor/run/WRITE_PARTIAL' is being fully unrolled (64 times). (LOOP-7)
# $PROJECT_HOME/src/stem/stem_buffer.h(83): Loop '/StemProcessor/run/WRITE_PARTIAL#1' is being fully unrolled (64 times). (LOOP-7)
# $PROJECT_HOME/src/stem/stem_buffer.h(100): Loop '/StemProcessor/run/READ_CH' is being fully unrolled (64 times). (LOOP-7)
# $PROJECT_HOME/src/stem/stem_processor.cpp(247): Loop '/StemProcessor/run/CONV1_IC' is being fully unrolled (32 times). (LOOP-7)
# $PROJECT_HOME/src/stem/stem_processor.cpp(255): Loop '/StemProcessor/run/STAGE3_CONV1_COL:for#1' is being fully unrolled (16 times). (LOOP-7)
# $PROJECT_HOME/src/stem/stem_buffer.h(83): Loop '/StemProcessor/run/WRITE_PARTIAL#2' is being fully unrolled (64 times). (LOOP-7)
# $PROJECT_HOME/src/stem/stem_buffer.h(124): Loop '/StemProcessor/run/EXTRACT_CH#1' is being fully unrolled (64 times). (LOOP-7)
# $PROJECT_HOME/src/stem/stem_processor.cpp(294): Loop '/StemProcessor/run/CONV2_IC:for:for' is being fully unrolled (3 times). (LOOP-7)
# $PROJECT_HOME/src/stem/stem_processor.cpp(306): Loop '/StemProcessor/run/STAGE4_CONV2_COL:for#1' is being fully unrolled (32 times). (LOOP-7)
# $PROJECT_HOME/src/stem/stem_buffer.h(230): Loop '/StemProcessor/run/WRITE_A' is being fully unrolled (64 times). (LOOP-7)
# $PROJECT_HOME/src/stem/stem_buffer.h(157): Loop '/StemProcessor/run/EXTRACT_MP_CH' is being fully unrolled (64 times). (LOOP-7)
# $PROJECT_HOME/src/stem/stem_processor.cpp(335): Loop '/StemProcessor/run/STAGE5_MP_COL:for' is being fully unrolled (32 times). (LOOP-7)
# $PROJECT_HOME/src/stem/stem_buffer.h(241): Loop '/StemProcessor/run/WRITE_B' is being fully unrolled (64 times). (LOOP-7)
# $PROJECT_HOME/src/stem/stem_buffer.h(252): Loop '/StemProcessor/run/READ_CONCAT' is being fully unrolled (64 times). (LOOP-7)
# $PROJECT_HOME/src/stem/stem_processor.cpp(376): Loop '/StemProcessor/run/CONV3_IC' is being fully unrolled (64 times). (LOOP-7)
# $PROJECT_HOME/src/stem/stem_processor.cpp(386): Loop '/StemProcessor/run/STAGE6_CONV3_COL:for#1' is being fully unrolled (32 times). (LOOP-7)
# $PROJECT_HOME/src/stem/stem_processor.cpp(398): Loop '/StemProcessor/run/STAGE6_CONV3_COL:for#2' is being fully unrolled (32 times). (LOOP-7)
# Info: Running transformation 'loops' on solution 'StemProcessor.v1': elapsed time 30.01 seconds, memory usage 1550860kB, peak memory usage 1550860kB (SOL-15)
# Info: Running transformation 'loops' on solution 'StemProcessor.v1': elapsed time 55.89 seconds, memory usage 1550860kB, peak memory usage 1550860kB (SOL-15)
# Info: Running transformation 'loops' on solution 'StemProcessor.v1': elapsed time 81.75 seconds, memory usage 1550860kB, peak memory usage 1550860kB (SOL-15)
# Info: Running transformation 'loops' on solution 'StemProcessor.v1': elapsed time 107.86 seconds, memory usage 1616396kB, peak memory usage 1780248kB (SOL-15)
# Info: Running transformation 'loops' on solution 'StemProcessor.v1': elapsed time 134.05 seconds, memory usage 1616396kB, peak memory usage 1780248kB (SOL-15)
# Info: Running transformation 'loops' on solution 'StemProcessor.v1': elapsed time 160.26 seconds, memory usage 1616396kB, peak memory usage 1780248kB (SOL-15)
# Info: Running transformation 'loops' on solution 'StemProcessor.v1': elapsed time 186.12 seconds, memory usage 1616396kB, peak memory usage 1780248kB (SOL-15)
# Info: Running transformation 'loops' on solution 'StemProcessor.v1': elapsed time 216.06 seconds, memory usage 1616396kB, peak memory usage 1780248kB (SOL-15)
# $PROJECT_HOME/src/stem/stem_processor.cpp(162): Loop '/StemProcessor/run/STAGE1_READ_COL' is left rolled. (LOOP-4)
# $PROJECT_HOME/src/stem/stem_buffer.h(118): Loop '/StemProcessor/run/EXTRACT_KC' is being fully unrolled (3 times). (LOOP-7)
# $PROJECT_HOME/src/stem/stem_processor.cpp(200): Loop '/StemProcessor/run/CONV0_K' is being fully unrolled (3 times). (LOOP-7)
# $PROJECT_HOME/src/stem/stem_processor.cpp(244): Loop '/StemProcessor/run/CONV1_OC' is left rolled. (LOOP-4)
# $PROJECT_HOME/src/stem/stem_processor.cpp(235): Loop '/StemProcessor/run/STAGE3_CONV1_COL' is left rolled. (LOOP-4)
# $PROJECT_HOME/src/stem/stem_buffer.h(118): Loop '/StemProcessor/run/EXTRACT_KC#1' is being fully unrolled (3 times). (LOOP-7)
# $PROJECT_HOME/src/stem/stem_processor.cpp(292): Loop '/StemProcessor/run/CONV2_IC:for' is being fully unrolled (3 times). (LOOP-7)
# $PROJECT_HOME/src/stem/stem_buffer.h(150): Loop '/StemProcessor/run/EXTRACT_MP_KC' is being fully unrolled (2 times). (LOOP-7)
# $PROJECT_HOME/src/stem/stem_processor.cpp(373): Loop '/StemProcessor/run/CONV3_OC' is left rolled. (LOOP-4)
# $PROJECT_HOME/src/stem/stem_processor.cpp(362): Loop '/StemProcessor/run/STAGE6_CONV3_COL' is left rolled. (LOOP-4)
# $PROJECT_HOME/src/stem/stem_processor.cpp(356): Loop '/StemProcessor/run/STAGE6_ROWS' is left rolled. (LOOP-4)
# Info: Running transformation 'loops' on solution 'StemProcessor.v1': elapsed time 242.16 seconds, memory usage 1616396kB, peak memory usage 1780248kB (SOL-15)
# Info: Running transformation 'loops' on solution 'StemProcessor.v1': elapsed time 268.43 seconds, memory usage 1616396kB, peak memory usage 1780248kB (SOL-15)
# Info: Running transformation 'loops' on solution 'StemProcessor.v1': elapsed time 294.20 seconds, memory usage 1616396kB, peak memory usage 1780248kB (SOL-15)
# Info: Running transformation 'loops' on solution 'StemProcessor.v1': elapsed time 320.10 seconds, memory usage 1616396kB, peak memory usage 1780248kB (SOL-15)
# Info: Running transformation 'loops' on solution 'StemProcessor.v1': elapsed time 345.84 seconds, memory usage 1616396kB, peak memory usage 1780248kB (SOL-15)
# Info: Running transformation 'loops' on solution 'StemProcessor.v1': elapsed time 371.60 seconds, memory usage 1616396kB, peak memory usage 1780248kB (SOL-15)
# Info: Running transformation 'loops' on solution 'StemProcessor.v1': elapsed time 401.54 seconds, memory usage 1616396kB, peak memory usage 1780248kB (SOL-15)
# Info: Running transformation 'loops' on solution 'StemProcessor.v1': elapsed time 427.47 seconds, memory usage 1616396kB, peak memory usage 1780248kB (SOL-15)
# Info: Running transformation 'loops' on solution 'StemProcessor.v1': elapsed time 453.19 seconds, memory usage 1616396kB, peak memory usage 1780248kB (SOL-15)
# Info: Running transformation 'loops' on solution 'StemProcessor.v1': elapsed time 479.18 seconds, memory usage 1616396kB, peak memory usage 1780248kB (SOL-15)
# Info: Running transformation 'loops' on solution 'StemProcessor.v1': elapsed time 505.05 seconds, memory usage 1616396kB, peak memory usage 1780248kB (SOL-15)
# Info: Running transformation 'loops' on solution 'StemProcessor.v1': elapsed time 531.01 seconds, memory usage 1616396kB, peak memory usage 1780248kB (SOL-15)
# Info: Running transformation 'loops' on solution 'StemProcessor.v1': elapsed time 556.94 seconds, memory usage 1616396kB, peak memory usage 1780248kB (SOL-15)
# Info: Running transformation 'loops' on solution 'StemProcessor.v1': elapsed time 586.87 seconds, memory usage 1780248kB, peak memory usage 1780248kB (SOL-15)
# Info: Running transformation 'loops' on solution 'StemProcessor.v1': elapsed time 612.67 seconds, memory usage 1681932kB, peak memory usage 1780248kB (SOL-15)
# Info: Running transformation 'loops' on solution 'StemProcessor.v1': elapsed time 638.52 seconds, memory usage 1681932kB, peak memory usage 1780248kB (SOL-15)
# Info: Running transformation 'loops' on solution 'StemProcessor.v1': elapsed time 664.38 seconds, memory usage 1681932kB, peak memory usage 1780248kB (SOL-15)
# Info: Running transformation 'loops' on solution 'StemProcessor.v1': elapsed time 689.81 seconds, memory usage 1681932kB, peak memory usage 1780248kB (SOL-15)
# $PROJECT_HOME/src/stem/stem_buffer.h(115): Loop '/StemProcessor/run/EXTRACT_KR' is being fully unrolled (3 times). (LOOP-7)
# $PROJECT_HOME/src/stem/stem_processor.cpp(197): Loop '/StemProcessor/run/CONV0_IC' is being fully unrolled (3 times). (LOOP-7)
# $PROJECT_HOME/src/stem/stem_buffer.h(115): Loop '/StemProcessor/run/EXTRACT_KR#1' is being fully unrolled (3 times). (LOOP-7)
# $PROJECT_HOME/src/stem/stem_processor.cpp(290): Loop '/StemProcessor/run/CONV2_IC' is being fully unrolled (16 times). (LOOP-7)
# $PROJECT_HOME/src/stem/stem_buffer.h(147): Loop '/StemProcessor/run/EXTRACT_MP_KR' is being fully unrolled (2 times). (LOOP-7)
# Info: Running transformation 'loops' on solution 'StemProcessor.v1': elapsed time 715.79 seconds, memory usage 1681932kB, peak memory usage 1780248kB (SOL-15)
# Info: Running transformation 'loops' on solution 'StemProcessor.v1': elapsed time 742.39 seconds, memory usage 1681932kB, peak memory usage 1780248kB (SOL-15)
# Info: Running transformation 'loops' on solution 'StemProcessor.v1': elapsed time 772.33 seconds, memory usage 1681932kB, peak memory usage 1780248kB (SOL-15)
# Info: Running transformation 'loops' on solution 'StemProcessor.v1': elapsed time 798.20 seconds, memory usage 1681932kB, peak memory usage 1780248kB (SOL-15)
# Info: Running transformation 'loops' on solution 'StemProcessor.v1': elapsed time 824.33 seconds, memory usage 1681932kB, peak memory usage 1780248kB (SOL-15)
# Info: Running transformation 'loops' on solution 'StemProcessor.v1': elapsed time 850.23 seconds, memory usage 1681932kB, peak memory usage 1780248kB (SOL-15)
# Info: Running transformation 'loops' on solution 'StemProcessor.v1': elapsed time 875.87 seconds, memory usage 1681932kB, peak memory usage 1780248kB (SOL-15)
# Info: Running transformation 'loops' on solution 'StemProcessor.v1': elapsed time 901.65 seconds, memory usage 1681932kB, peak memory usage 1780248kB (SOL-15)
# Info: Running transformation 'loops' on solution 'StemProcessor.v1': elapsed time 928.01 seconds, memory usage 1681932kB, peak memory usage 1780248kB (SOL-15)
# Info: Running transformation 'loops' on solution 'StemProcessor.v1': elapsed time 957.95 seconds, memory usage 1681932kB, peak memory usage 1780248kB (SOL-15)
# Info: Running transformation 'loops' on solution 'StemProcessor.v1': elapsed time 983.83 seconds, memory usage 1681932kB, peak memory usage 1780248kB (SOL-15)
# Info: Running transformation 'loops' on solution 'StemProcessor.v1': elapsed time 1009.95 seconds, memory usage 1681932kB, peak memory usage 1780248kB (SOL-15)
# Info: Running transformation 'loops' on solution 'StemProcessor.v1': elapsed time 1035.69 seconds, memory usage 1681932kB, peak memory usage 1780248kB (SOL-15)
# Info: Running transformation 'loops' on solution 'StemProcessor.v1': elapsed time 1061.60 seconds, memory usage 1681932kB, peak memory usage 1780248kB (SOL-15)
# Info: Running transformation 'loops' on solution 'StemProcessor.v1': elapsed time 1087.35 seconds, memory usage 1681932kB, peak memory usage 1780248kB (SOL-15)
# Info: Running transformation 'loops' on solution 'StemProcessor.v1': elapsed time 1113.81 seconds, memory usage 1681932kB, peak memory usage 1780248kB (SOL-15)
# Info: Running transformation 'loops' on solution 'StemProcessor.v1': elapsed time 1143.75 seconds, memory usage 1681932kB, peak memory usage 1780248kB (SOL-15)
# Info: Running transformation 'loops' on solution 'StemProcessor.v1': elapsed time 1169.62 seconds, memory usage 1681932kB, peak memory usage 1780248kB (SOL-15)
# Info: Running transformation 'loops' on solution 'StemProcessor.v1': elapsed time 1195.38 seconds, memory usage 1681932kB, peak memory usage 1780248kB (SOL-15)
# Info: Running transformation 'loops' on solution 'StemProcessor.v1': elapsed time 1220.90 seconds, memory usage 1681932kB, peak memory usage 1780248kB (SOL-15)
# Info: Running transformation 'loops' on solution 'StemProcessor.v1': elapsed time 1246.99 seconds, memory usage 1681932kB, peak memory usage 1780248kB (SOL-15)
# Info: Running transformation 'loops' on solution 'StemProcessor.v1': elapsed time 1272.89 seconds, memory usage 1681932kB, peak memory usage 1780248kB (SOL-15)
# Info: Running transformation 'loops' on solution 'StemProcessor.v1': elapsed time 1299.49 seconds, memory usage 1681932kB, peak memory usage 1780248kB (SOL-15)
# Info: Running transformation 'loops' on solution 'StemProcessor.v1': elapsed time 1329.43 seconds, memory usage 1681932kB, peak memory usage 1780248kB (SOL-15)
# Info: Running transformation 'loops' on solution 'StemProcessor.v1': elapsed time 1355.23 seconds, memory usage 1681932kB, peak memory usage 1780248kB (SOL-15)
# Info: Running transformation 'loops' on solution 'StemProcessor.v1': elapsed time 1381.09 seconds, memory usage 1681932kB, peak memory usage 1780248kB (SOL-15)
# Info: Running transformation 'loops' on solution 'StemProcessor.v1': elapsed time 1407.13 seconds, memory usage 1681932kB, peak memory usage 1780248kB (SOL-15)
# Info: Running transformation 'loops' on solution 'StemProcessor.v1': elapsed time 1433.11 seconds, memory usage 1681932kB, peak memory usage 1780248kB (SOL-15)
# Info: Running transformation 'loops' on solution 'StemProcessor.v1': elapsed time 1458.82 seconds, memory usage 1681932kB, peak memory usage 1780248kB (SOL-15)
# Info: Running transformation 'loops' on solution 'StemProcessor.v1': elapsed time 1485.24 seconds, memory usage 1681932kB, peak memory usage 1780248kB (SOL-15)
# Info: Running transformation 'loops' on solution 'StemProcessor.v1': elapsed time 1515.18 seconds, memory usage 1681932kB, peak memory usage 1780248kB (SOL-15)
# Info: Running transformation 'loops' on solution 'StemProcessor.v1': elapsed time 1541.06 seconds, memory usage 1681932kB, peak memory usage 1780248kB (SOL-15)
# Info: Running transformation 'loops' on solution 'StemProcessor.v1': elapsed time 1566.82 seconds, memory usage 1681932kB, peak memory usage 1780248kB (SOL-15)
# Info: Running transformation 'loops' on solution 'StemProcessor.v1': elapsed time 1592.62 seconds, memory usage 1681932kB, peak memory usage 1780248kB (SOL-15)
# Info: Running transformation 'loops' on solution 'StemProcessor.v1': elapsed time 1618.42 seconds, memory usage 1681932kB, peak memory usage 1780248kB (SOL-15)
# Info: Running transformation 'loops' on solution 'StemProcessor.v1': elapsed time 1644.52 seconds, memory usage 1681932kB, peak memory usage 1780248kB (SOL-15)
# Info: Running transformation 'loops' on solution 'StemProcessor.v1': elapsed time 1671.09 seconds, memory usage 1681932kB, peak memory usage 1780248kB (SOL-15)
# Info: Running transformation 'loops' on solution 'StemProcessor.v1': elapsed time 1701.02 seconds, memory usage 1681932kB, peak memory usage 1780248kB (SOL-15)
# Info: Running transformation 'loops' on solution 'StemProcessor.v1': elapsed time 1727.13 seconds, memory usage 1878556kB, peak memory usage 1878556kB (SOL-15)
# Info: Running transformation 'loops' on solution 'StemProcessor.v1': elapsed time 1752.64 seconds, memory usage 1813004kB, peak memory usage 1911328kB (SOL-15)
# Info: Running transformation 'loops' on solution 'StemProcessor.v1': elapsed time 1778.56 seconds, memory usage 1813004kB, peak memory usage 1911328kB (SOL-15)
# Info: Running transformation 'loops' on solution 'StemProcessor.v1': elapsed time 1804.27 seconds, memory usage 1813004kB, peak memory usage 1911328kB (SOL-15)
# Info: Running transformation 'loops' on solution 'StemProcessor.v1': elapsed time 1829.83 seconds, memory usage 1813004kB, peak memory usage 1911328kB (SOL-15)
# Info: Running transformation 'loops' on solution 'StemProcessor.v1': elapsed time 1856.88 seconds, memory usage 1813004kB, peak memory usage 1911328kB (SOL-15)
# Info: Running transformation 'loops' on solution 'StemProcessor.v1': elapsed time 1886.82 seconds, memory usage 1813004kB, peak memory usage 1911328kB (SOL-15)
# Info: Running transformation 'loops' on solution 'StemProcessor.v1': elapsed time 1912.40 seconds, memory usage 1813004kB, peak memory usage 1911328kB (SOL-15)
# Info: Running transformation 'loops' on solution 'StemProcessor.v1': elapsed time 1938.02 seconds, memory usage 1813004kB, peak memory usage 1911328kB (SOL-15)
# Info: Running transformation 'loops' on solution 'StemProcessor.v1': elapsed time 1964.19 seconds, memory usage 1813004kB, peak memory usage 1911328kB (SOL-15)
# Info: Running transformation 'loops' on solution 'StemProcessor.v1': elapsed time 1990.06 seconds, memory usage 1813004kB, peak memory usage 1911328kB (SOL-15)
# Info: Running transformation 'loops' on solution 'StemProcessor.v1': elapsed time 2015.90 seconds, memory usage 1813004kB, peak memory usage 1911328kB (SOL-15)
# Info: Running transformation 'loops' on solution 'StemProcessor.v1': elapsed time 2042.63 seconds, memory usage 1813004kB, peak memory usage 1911328kB (SOL-15)
# Info: Running transformation 'loops' on solution 'StemProcessor.v1': elapsed time 2072.57 seconds, memory usage 1813004kB, peak memory usage 1911328kB (SOL-15)
# Info: Running transformation 'loops' on solution 'StemProcessor.v1': elapsed time 2098.56 seconds, memory usage 1813004kB, peak memory usage 1911328kB (SOL-15)
# Info: Running transformation 'loops' on solution 'StemProcessor.v1': elapsed time 2124.73 seconds, memory usage 1813004kB, peak memory usage 1911328kB (SOL-15)
# Info: Running transformation 'loops' on solution 'StemProcessor.v1': elapsed time 2150.70 seconds, memory usage 1813004kB, peak memory usage 1911328kB (SOL-15)
# Info: Running transformation 'loops' on solution 'StemProcessor.v1': elapsed time 2176.54 seconds, memory usage 1813004kB, peak memory usage 1911328kB (SOL-15)
# Info: Running transformation 'loops' on solution 'StemProcessor.v1': elapsed time 2202.50 seconds, memory usage 1813004kB, peak memory usage 1911328kB (SOL-15)
# Info: Running transformation 'loops' on solution 'StemProcessor.v1': elapsed time 2228.70 seconds, memory usage 1813004kB, peak memory usage 1911328kB (SOL-15)
# Info: Running transformation 'loops' on solution 'StemProcessor.v1': elapsed time 2258.63 seconds, memory usage 1813004kB, peak memory usage 1911328kB (SOL-15)
# Info: Running transformation 'loops' on solution 'StemProcessor.v1': elapsed time 2284.37 seconds, memory usage 1813004kB, peak memory usage 1911328kB (SOL-15)
# Info: Running transformation 'loops' on solution 'StemProcessor.v1': elapsed time 2309.90 seconds, memory usage 1813004kB, peak memory usage 1911328kB (SOL-15)
# Info: Running transformation 'loops' on solution 'StemProcessor.v1': elapsed time 2335.46 seconds, memory usage 1813004kB, peak memory usage 1911328kB (SOL-15)
# Info: Running transformation 'loops' on solution 'StemProcessor.v1': elapsed time 2361.37 seconds, memory usage 1813004kB, peak memory usage 1911328kB (SOL-15)
# Info: Running transformation 'loops' on solution 'StemProcessor.v1': elapsed time 2386.96 seconds, memory usage 1813004kB, peak memory usage 1911328kB (SOL-15)
# Info: Running transformation 'loops' on solution 'StemProcessor.v1': elapsed time 2414.15 seconds, memory usage 1813004kB, peak memory usage 1911328kB (SOL-15)
# Info: Running transformation 'loops' on solution 'StemProcessor.v1': elapsed time 2444.09 seconds, memory usage 1813004kB, peak memory usage 1911328kB (SOL-15)
# Info: Running transformation 'loops' on solution 'StemProcessor.v1': elapsed time 2469.83 seconds, memory usage 1813004kB, peak memory usage 1911328kB (SOL-15)
# Info: Running transformation 'loops' on solution 'StemProcessor.v1': elapsed time 2495.64 seconds, memory usage 1813004kB, peak memory usage 1911328kB (SOL-15)
# Info: Running transformation 'loops' on solution 'StemProcessor.v1': elapsed time 2521.04 seconds, memory usage 1813004kB, peak memory usage 1911328kB (SOL-15)
# Info: Running transformation 'loops' on solution 'StemProcessor.v1': elapsed time 2546.65 seconds, memory usage 1813004kB, peak memory usage 1911328kB (SOL-15)
# Info: Running transformation 'loops' on solution 'StemProcessor.v1': elapsed time 2572.59 seconds, memory usage 1813004kB, peak memory usage 1911328kB (SOL-15)
# Info: Running transformation 'loops' on solution 'StemProcessor.v1': elapsed time 2599.89 seconds, memory usage 1813004kB, peak memory usage 1911328kB (SOL-15)
# Info: Running transformation 'loops' on solution 'StemProcessor.v1': elapsed time 2629.83 seconds, memory usage 1813004kB, peak memory usage 1911328kB (SOL-15)
# Info: Running transformation 'loops' on solution 'StemProcessor.v1': elapsed time 2655.59 seconds, memory usage 1813004kB, peak memory usage 1911328kB (SOL-15)
# Info: Running transformation 'loops' on solution 'StemProcessor.v1': elapsed time 2681.37 seconds, memory usage 1813004kB, peak memory usage 1911328kB (SOL-15)
# Info: Running transformation 'loops' on solution 'StemProcessor.v1': elapsed time 2707.27 seconds, memory usage 1813004kB, peak memory usage 1911328kB (SOL-15)
# Info: Running transformation 'loops' on solution 'StemProcessor.v1': elapsed time 2733.00 seconds, memory usage 1813004kB, peak memory usage 1911328kB (SOL-15)
# Info: Running transformation 'loops' on solution 'StemProcessor.v1': elapsed time 2759.24 seconds, memory usage 1813004kB, peak memory usage 1911328kB (SOL-15)
# Info: Running transformation 'loops' on solution 'StemProcessor.v1': elapsed time 2785.71 seconds, memory usage 1911320kB, peak memory usage 1911328kB (SOL-15)
# Info: Running transformation 'loops' on solution 'StemProcessor.v1': elapsed time 2815.64 seconds, memory usage 1813004kB, peak memory usage 1911328kB (SOL-15)
# Info: Running transformation 'loops' on solution 'StemProcessor.v1': elapsed time 2841.51 seconds, memory usage 1813004kB, peak memory usage 1911328kB (SOL-15)
# Info: Running transformation 'loops' on solution 'StemProcessor.v1': elapsed time 2867.21 seconds, memory usage 1813004kB, peak memory usage 1911328kB (SOL-15)
# Info: Running transformation 'loops' on solution 'StemProcessor.v1': elapsed time 2893.34 seconds, memory usage 1813004kB, peak memory usage 1911328kB (SOL-15)
# Info: Running transformation 'loops' on solution 'StemProcessor.v1': elapsed time 2919.07 seconds, memory usage 1813004kB, peak memory usage 1911328kB (SOL-15)
# Info: Running transformation 'loops' on solution 'StemProcessor.v1': elapsed time 2944.98 seconds, memory usage 1813004kB, peak memory usage 1911328kB (SOL-15)
# Info: Running transformation 'loops' on solution 'StemProcessor.v1': elapsed time 2971.46 seconds, memory usage 1813004kB, peak memory usage 1911328kB (SOL-15)
# Info: Running transformation 'loops' on solution 'StemProcessor.v1': elapsed time 3001.39 seconds, memory usage 1813004kB, peak memory usage 1911328kB (SOL-15)
# Info: Running transformation 'loops' on solution 'StemProcessor.v1': elapsed time 3026.71 seconds, memory usage 1813004kB, peak memory usage 1911328kB (SOL-15)
# Info: Running transformation 'loops' on solution 'StemProcessor.v1': elapsed time 3052.54 seconds, memory usage 1813004kB, peak memory usage 1911328kB (SOL-15)
# Info: Running transformation 'loops' on solution 'StemProcessor.v1': elapsed time 3078.24 seconds, memory usage 1813004kB, peak memory usage 1911328kB (SOL-15)
# Info: Running transformation 'loops' on solution 'StemProcessor.v1': elapsed time 3104.28 seconds, memory usage 1813004kB, peak memory usage 1911328kB (SOL-15)
# Info: Running transformation 'loops' on solution 'StemProcessor.v1': elapsed time 3130.25 seconds, memory usage 1813004kB, peak memory usage 1911328kB (SOL-15)
# Info: Running transformation 'loops' on solution 'StemProcessor.v1': elapsed time 3157.19 seconds, memory usage 1813004kB, peak memory usage 1911328kB (SOL-15)
# Info: Running transformation 'loops' on solution 'StemProcessor.v1': elapsed time 3187.13 seconds, memory usage 1813004kB, peak memory usage 1911328kB (SOL-15)
# Info: Running transformation 'loops' on solution 'StemProcessor.v1': elapsed time 3212.94 seconds, memory usage 1813004kB, peak memory usage 1911328kB (SOL-15)
# Info: Running transformation 'loops' on solution 'StemProcessor.v1': elapsed time 3239.04 seconds, memory usage 1813004kB, peak memory usage 1911328kB (SOL-15)
# Info: Running transformation 'loops' on solution 'StemProcessor.v1': elapsed time 3264.99 seconds, memory usage 1813004kB, peak memory usage 1911328kB (SOL-15)
# Info: Running transformation 'loops' on solution 'StemProcessor.v1': elapsed time 3290.62 seconds, memory usage 1813004kB, peak memory usage 1911328kB (SOL-15)
# Info: Running transformation 'loops' on solution 'StemProcessor.v1': elapsed time 3316.33 seconds, memory usage 1813004kB, peak memory usage 1911328kB (SOL-15)
# Info: Running transformation 'loops' on solution 'StemProcessor.v1': elapsed time 3342.91 seconds, memory usage 1813004kB, peak memory usage 1911328kB (SOL-15)
# Info: Running transformation 'loops' on solution 'StemProcessor.v1': elapsed time 3372.84 seconds, memory usage 1813004kB, peak memory usage 1911328kB (SOL-15)
# Info: Running transformation 'loops' on solution 'StemProcessor.v1': elapsed time 3398.72 seconds, memory usage 1813004kB, peak memory usage 1911328kB (SOL-15)
# Info: Running transformation 'loops' on solution 'StemProcessor.v1': elapsed time 3424.64 seconds, memory usage 1813004kB, peak memory usage 1911328kB (SOL-15)
# Info: Running transformation 'loops' on solution 'StemProcessor.v1': elapsed time 3450.64 seconds, memory usage 1813004kB, peak memory usage 1911328kB (SOL-15)
# Info: Running transformation 'loops' on solution 'StemProcessor.v1': elapsed time 3476.30 seconds, memory usage 1813004kB, peak memory usage 1911328kB (SOL-15)
# Info: Running transformation 'loops' on solution 'StemProcessor.v1': elapsed time 3502.07 seconds, memory usage 1813004kB, peak memory usage 1911328kB (SOL-15)
# Info: Running transformation 'loops' on solution 'StemProcessor.v1': elapsed time 3528.66 seconds, memory usage 1813004kB, peak memory usage 1911328kB (SOL-15)
# Info: Running transformation 'loops' on solution 'StemProcessor.v1': elapsed time 3558.60 seconds, memory usage 1813004kB, peak memory usage 1911328kB (SOL-15)
# Info: Running transformation 'loops' on solution 'StemProcessor.v1': elapsed time 3584.19 seconds, memory usage 1813004kB, peak memory usage 1911328kB (SOL-15)
# Info: Running transformation 'loops' on solution 'StemProcessor.v1': elapsed time 3610.23 seconds, memory usage 1813004kB, peak memory usage 1911328kB (SOL-15)
# Info: Running transformation 'loops' on solution 'StemProcessor.v1': elapsed time 3636.33 seconds, memory usage 1813004kB, peak memory usage 1911328kB (SOL-15)
# Info: Running transformation 'loops' on solution 'StemProcessor.v1': elapsed time 3662.25 seconds, memory usage 1813004kB, peak memory usage 1911328kB (SOL-15)
# Info: Running transformation 'loops' on solution 'StemProcessor.v1': elapsed time 3687.82 seconds, memory usage 1813004kB, peak memory usage 1911328kB (SOL-15)
# Info: Running transformation 'loops' on solution 'StemProcessor.v1': elapsed time 3714.40 seconds, memory usage 1813004kB, peak memory usage 1911328kB (SOL-15)
# Info: Running transformation 'loops' on solution 'StemProcessor.v1': elapsed time 3744.35 seconds, memory usage 1813004kB, peak memory usage 1911328kB (SOL-15)
# Info: Running transformation 'loops' on solution 'StemProcessor.v1': elapsed time 3770.19 seconds, memory usage 1813004kB, peak memory usage 1911328kB (SOL-15)
# Info: Running transformation 'loops' on solution 'StemProcessor.v1': elapsed time 3796.03 seconds, memory usage 1813004kB, peak memory usage 1911328kB (SOL-15)
# $PROJECT_HOME/src/stem/stem_processor.cpp(194): Loop '/StemProcessor/run/CONV0_OC' is left rolled. (LOOP-4)
# $PROJECT_HOME/src/stem/stem_processor.cpp(184): Loop '/StemProcessor/run/STAGE2_CONV0_COL' is left rolled. (LOOP-4)
# $PROJECT_HOME/src/stem/stem_processor.cpp(179): Loop '/StemProcessor/run/STAGE2_ROWS' is left rolled. (LOOP-4)
# $PROJECT_HOME/src/stem/stem_processor.cpp(287): Loop '/StemProcessor/run/CONV2_OC' is left rolled. (LOOP-4)
# $PROJECT_HOME/src/stem/stem_processor.cpp(278): Loop '/StemProcessor/run/STAGE4_CONV2_COL' is left rolled. (LOOP-4)
# $PROJECT_HOME/src/stem/stem_processor.cpp(273): Loop '/StemProcessor/run/STAGE4_ROWS' is left rolled. (LOOP-4)
# $PROJECT_HOME/src/stem/stem_processor.cpp(329): Loop '/StemProcessor/run/STAGE5_MP_COL' is left rolled. (LOOP-4)
# $PROJECT_HOME/src/stem/stem_processor.cpp(324): Loop '/StemProcessor/run/STAGE5_ROWS' is left rolled. (LOOP-4)
# $PROJECT_HOME/src/stem/stem_processor.cpp(153): Loop '/StemProcessor/run/PIPELINE_MAIN' is left rolled. (LOOP-4)
# $PROJECT_HOME/src/stem/stem_processor.cpp(21): Loop '/StemProcessor/run/main' is left rolled. (LOOP-4)
# Warning: $PROJECT_HOME/src/stem/stem_buffer.h(205): Reducing the number of bits used to represent array elements of 'line_buf_b.buffer', from '512' bits to '256' bits. (MEM-87)
# Warning: To disable array compaction optimization, please use 'directive set -DA_DISABLE_RESIZE_MEM true'. Disabling the optimization can have QofR implications. (MEM-99)
# Warning: If the array is transformed at later stages using WORD_WIDTH, BLOCK_SIZE, INTERLEAVE directive, the new array dimensions will be used. The num_byte_enables (if used) may be incompatible. Please review the applicable constraint settings to get the desired RAM/ROM layout. (MEM-100)
# Info: Running transformation 'loops' on solution 'StemProcessor.v1': elapsed time 3821.84 seconds, memory usage 1813004kB, peak memory usage 1911328kB (SOL-15)
# Loop '/StemProcessor/run/STAGE5_ROWS' is merged and folded into Loop 'STAGE4_ROWS' (LOOP-9)
# Info: Running transformation 'loops' on solution 'StemProcessor.v1': elapsed time 3847.63 seconds, memory usage 1911320kB, peak memory usage 1911328kB (SOL-15)
# Info: Running transformation 'loops' on solution 'StemProcessor.v1': elapsed time 3873.64 seconds, memory usage 1821196kB, peak memory usage 1911328kB (SOL-15)
# Info: Running transformation 'loops' on solution 'StemProcessor.v1': elapsed time 3900.26 seconds, memory usage 1821196kB, peak memory usage 1911328kB (SOL-15)
# Info: Running transformation 'loops' on solution 'StemProcessor.v1': elapsed time 3930.20 seconds, memory usage 1821196kB, peak memory usage 1911328kB (SOL-15)
# Info: Running transformation 'loops' on solution 'StemProcessor.v1': elapsed time 3956.13 seconds, memory usage 1821196kB, peak memory usage 1911328kB (SOL-15)
# Info: Running transformation 'loops' on solution 'StemProcessor.v1': elapsed time 3982.07 seconds, memory usage 1821196kB, peak memory usage 1911328kB (SOL-15)
# Info: Running transformation 'loops' on solution 'StemProcessor.v1': elapsed time 4008.14 seconds, memory usage 1821196kB, peak memory usage 1911328kB (SOL-15)
# Info: Running transformation 'loops' on solution 'StemProcessor.v1': elapsed time 4033.74 seconds, memory usage 1821196kB, peak memory usage 1911328kB (SOL-15)
# Info: Running transformation 'loops' on solution 'StemProcessor.v1': elapsed time 4059.17 seconds, memory usage 1821196kB, peak memory usage 1911328kB (SOL-15)
# Info: Running transformation 'loops' on solution 'StemProcessor.v1': elapsed time 4086.05 seconds, memory usage 1821196kB, peak memory usage 1911328kB (SOL-15)
# Info: Running transformation 'loops' on solution 'StemProcessor.v1': elapsed time 4115.99 seconds, memory usage 1821196kB, peak memory usage 1911328kB (SOL-15)
# Info: Running transformation 'loops' on solution 'StemProcessor.v1': elapsed time 4141.87 seconds, memory usage 1821196kB, peak memory usage 1911328kB (SOL-15)
# Info: Running transformation 'loops' on solution 'StemProcessor.v1': elapsed time 4168.01 seconds, memory usage 1821196kB, peak memory usage 1911328kB (SOL-15)
# Info: Running transformation 'loops' on solution 'StemProcessor.v1': elapsed time 4194.03 seconds, memory usage 1821196kB, peak memory usage 1911328kB (SOL-15)
# Info: Running transformation 'loops' on solution 'StemProcessor.v1': elapsed time 4220.11 seconds, memory usage 1821196kB, peak memory usage 1911328kB (SOL-15)
# Info: Running transformation 'loops' on solution 'StemProcessor.v1': elapsed time 4246.09 seconds, memory usage 1821196kB, peak memory usage 1911328kB (SOL-15)
# Info: Running transformation 'loops' on solution 'StemProcessor.v1': elapsed time 4271.98 seconds, memory usage 1821196kB, peak memory usage 1911328kB (SOL-15)
# Info: Running transformation 'loops' on solution 'StemProcessor.v1': elapsed time 4301.92 seconds, memory usage 1821196kB, peak memory usage 1911328kB (SOL-15)
# Info: Running transformation 'loops' on solution 'StemProcessor.v1': elapsed time 4327.57 seconds, memory usage 1821196kB, peak memory usage 1911328kB (SOL-15)
# Info: Running transformation 'loops' on solution 'StemProcessor.v1': elapsed time 4352.78 seconds, memory usage 1821196kB, peak memory usage 1911328kB (SOL-15)
# Info: Running transformation 'loops' on solution 'StemProcessor.v1': elapsed time 4378.69 seconds, memory usage 1821196kB, peak memory usage 1911328kB (SOL-15)
# Info: Running transformation 'loops' on solution 'StemProcessor.v1': elapsed time 4404.49 seconds, memory usage 1821196kB, peak memory usage 1911328kB (SOL-15)
# Info: Running transformation 'loops' on solution 'StemProcessor.v1': elapsed time 4430.18 seconds, memory usage 1821196kB, peak memory usage 1911328kB (SOL-15)
# Info: Running transformation 'loops' on solution 'StemProcessor.v1': elapsed time 4457.69 seconds, memory usage 1821196kB, peak memory usage 1911328kB (SOL-15)
# Info: Running transformation 'loops' on solution 'StemProcessor.v1': elapsed time 4487.62 seconds, memory usage 1821196kB, peak memory usage 1911328kB (SOL-15)
# Info: Running transformation 'loops' on solution 'StemProcessor.v1': elapsed time 4513.02 seconds, memory usage 1821196kB, peak memory usage 1911328kB (SOL-15)
# Info: Running transformation 'loops' on solution 'StemProcessor.v1': elapsed time 4538.75 seconds, memory usage 1821196kB, peak memory usage 1911328kB (SOL-15)
# Info: Running transformation 'loops' on solution 'StemProcessor.v1': elapsed time 4564.70 seconds, memory usage 1821196kB, peak memory usage 1911328kB (SOL-15)
# Info: Running transformation 'loops' on solution 'StemProcessor.v1': elapsed time 4590.70 seconds, memory usage 1821196kB, peak memory usage 1911328kB (SOL-15)
# Info: Running transformation 'loops' on solution 'StemProcessor.v1': elapsed time 4616.83 seconds, memory usage 1821196kB, peak memory usage 1911328kB (SOL-15)
# Info: Running transformation 'loops' on solution 'StemProcessor.v1': elapsed time 4643.42 seconds, memory usage 1821196kB, peak memory usage 1911328kB (SOL-15)
# Info: Running transformation 'loops' on solution 'StemProcessor.v1': elapsed time 4673.36 seconds, memory usage 1821196kB, peak memory usage 1911328kB (SOL-15)
# Info: Running transformation 'loops' on solution 'StemProcessor.v1': elapsed time 4699.31 seconds, memory usage 1821196kB, peak memory usage 1911328kB (SOL-15)
# Info: Running transformation 'loops' on solution 'StemProcessor.v1': elapsed time 4725.29 seconds, memory usage 1821196kB, peak memory usage 1911328kB (SOL-15)
# Info: Running transformation 'loops' on solution 'StemProcessor.v1': elapsed time 4751.14 seconds, memory usage 1821196kB, peak memory usage 1911328kB (SOL-15)
# Info: Running transformation 'loops' on solution 'StemProcessor.v1': elapsed time 4777.08 seconds, memory usage 1821196kB, peak memory usage 1911328kB (SOL-15)
# Info: Running transformation 'loops' on solution 'StemProcessor.v1': elapsed time 4802.95 seconds, memory usage 1821196kB, peak memory usage 1911328kB (SOL-15)
# Info: Running transformation 'loops' on solution 'StemProcessor.v1': elapsed time 4829.25 seconds, memory usage 1821196kB, peak memory usage 1911328kB (SOL-15)
# Info: Running transformation 'loops' on solution 'StemProcessor.v1': elapsed time 4859.19 seconds, memory usage 1821196kB, peak memory usage 1911328kB (SOL-15)
# Info: Running transformation 'loops' on solution 'StemProcessor.v1': elapsed time 4884.69 seconds, memory usage 1821196kB, peak memory usage 1911328kB (SOL-15)
# Info: Running transformation 'loops' on solution 'StemProcessor.v1': elapsed time 4909.81 seconds, memory usage 1821196kB, peak memory usage 1911328kB (SOL-15)
# Info: Running transformation 'loops' on solution 'StemProcessor.v1': elapsed time 4935.42 seconds, memory usage 1919512kB, peak memory usage 1919512kB (SOL-15)
# Info: Running transformation 'loops' on solution 'StemProcessor.v1': elapsed time 4961.17 seconds, memory usage 1821196kB, peak memory usage 1919512kB (SOL-15)
# Info: Running transformation 'loops' on solution 'StemProcessor.v1': elapsed time 4987.14 seconds, memory usage 1821196kB, peak memory usage 1919512kB (SOL-15)
# Info: Running transformation 'loops' on solution 'StemProcessor.v1': elapsed time 5015.11 seconds, memory usage 1821196kB, peak memory usage 1919512kB (SOL-15)
# Info: Running transformation 'loops' on solution 'StemProcessor.v1': elapsed time 5045.06 seconds, memory usage 1821196kB, peak memory usage 1919512kB (SOL-15)
# Info: Running transformation 'loops' on solution 'StemProcessor.v1': elapsed time 5070.41 seconds, memory usage 1821196kB, peak memory usage 1919512kB (SOL-15)
# Info: Running transformation 'loops' on solution 'StemProcessor.v1': elapsed time 5096.51 seconds, memory usage 1821196kB, peak memory usage 1919512kB (SOL-15)
# Info: Running transformation 'loops' on solution 'StemProcessor.v1': elapsed time 5122.24 seconds, memory usage 1821196kB, peak memory usage 1919512kB (SOL-15)
# Info: Running transformation 'loops' on solution 'StemProcessor.v1': elapsed time 5148.15 seconds, memory usage 1821196kB, peak memory usage 1919512kB (SOL-15)
# Info: Running transformation 'loops' on solution 'StemProcessor.v1': elapsed time 5173.87 seconds, memory usage 1821196kB, peak memory usage 1919512kB (SOL-15)
# Info: Running transformation 'loops' on solution 'StemProcessor.v1': elapsed time 5200.81 seconds, memory usage 1821196kB, peak memory usage 1919512kB (SOL-15)
# Info: Running transformation 'loops' on solution 'StemProcessor.v1': elapsed time 5230.76 seconds, memory usage 1821196kB, peak memory usage 1919512kB (SOL-15)
# Info: Running transformation 'loops' on solution 'StemProcessor.v1': elapsed time 5256.71 seconds, memory usage 1821196kB, peak memory usage 1919512kB (SOL-15)
# Info: Running transformation 'loops' on solution 'StemProcessor.v1': elapsed time 5282.75 seconds, memory usage 1821196kB, peak memory usage 1919512kB (SOL-15)
# Info: Running transformation 'loops' on solution 'StemProcessor.v1': elapsed time 5308.81 seconds, memory usage 1821196kB, peak memory usage 1919512kB (SOL-15)
# Info: Running transformation 'loops' on solution 'StemProcessor.v1': elapsed time 5334.71 seconds, memory usage 1821196kB, peak memory usage 1919512kB (SOL-15)
# Info: Running transformation 'loops' on solution 'StemProcessor.v1': elapsed time 5360.72 seconds, memory usage 1821196kB, peak memory usage 1919512kB (SOL-15)
# Info: Running transformation 'loops' on solution 'StemProcessor.v1': elapsed time 5386.53 seconds, memory usage 1821196kB, peak memory usage 1919512kB (SOL-15)
# Info: Running transformation 'loops' on solution 'StemProcessor.v1': elapsed time 5416.46 seconds, memory usage 1821196kB, peak memory usage 1919512kB (SOL-15)
# Info: Running transformation 'loops' on solution 'StemProcessor.v1': elapsed time 5442.34 seconds, memory usage 1821196kB, peak memory usage 1919512kB (SOL-15)
# Info: Running transformation 'loops' on solution 'StemProcessor.v1': elapsed time 5468.51 seconds, memory usage 1821196kB, peak memory usage 1919512kB (SOL-15)
# Info: Running transformation 'loops' on solution 'StemProcessor.v1': elapsed time 5494.29 seconds, memory usage 1821196kB, peak memory usage 1919512kB (SOL-15)
# Info: Running transformation 'loops' on solution 'StemProcessor.v1': elapsed time 5520.40 seconds, memory usage 1821196kB, peak memory usage 1919512kB (SOL-15)
# Info: Running transformation 'loops' on solution 'StemProcessor.v1': elapsed time 5546.38 seconds, memory usage 1821196kB, peak memory usage 1919512kB (SOL-15)
# Info: Running transformation 'loops' on solution 'StemProcessor.v1': elapsed time 5572.41 seconds, memory usage 1821196kB, peak memory usage 1919512kB (SOL-15)
# Info: Running transformation 'loops' on solution 'StemProcessor.v1': elapsed time 5602.35 seconds, memory usage 1821196kB, peak memory usage 1919512kB (SOL-15)
# Info: Running transformation 'loops' on solution 'StemProcessor.v1': elapsed time 5628.35 seconds, memory usage 1821196kB, peak memory usage 1919512kB (SOL-15)
# Info: Running transformation 'loops' on solution 'StemProcessor.v1': elapsed time 5654.13 seconds, memory usage 1821196kB, peak memory usage 1919512kB (SOL-15)
# Info: Running transformation 'loops' on solution 'StemProcessor.v1': elapsed time 5680.20 seconds, memory usage 1821196kB, peak memory usage 1919512kB (SOL-15)
# Info: Running transformation 'loops' on solution 'StemProcessor.v1': elapsed time 5705.84 seconds, memory usage 1821196kB, peak memory usage 1919512kB (SOL-15)
# Info: Running transformation 'loops' on solution 'StemProcessor.v1': elapsed time 5731.51 seconds, memory usage 1821196kB, peak memory usage 1919512kB (SOL-15)
# Info: Running transformation 'loops' on solution 'StemProcessor.v1': elapsed time 5758.21 seconds, memory usage 1821196kB, peak memory usage 1919512kB (SOL-15)
# Info: Running transformation 'loops' on solution 'StemProcessor.v1': elapsed time 5788.16 seconds, memory usage 1821196kB, peak memory usage 1919512kB (SOL-15)
# Info: Running transformation 'loops' on solution 'StemProcessor.v1': elapsed time 5814.00 seconds, memory usage 1821196kB, peak memory usage 1919512kB (SOL-15)
# Info: Running transformation 'loops' on solution 'StemProcessor.v1': elapsed time 5839.91 seconds, memory usage 1821196kB, peak memory usage 1919512kB (SOL-15)
# Info: Running transformation 'loops' on solution 'StemProcessor.v1': elapsed time 5865.66 seconds, memory usage 1821196kB, peak memory usage 1919512kB (SOL-15)
# Info: Running transformation 'loops' on solution 'StemProcessor.v1': elapsed time 5891.38 seconds, memory usage 1821196kB, peak memory usage 1919512kB (SOL-15)
# Info: Running transformation 'loops' on solution 'StemProcessor.v1': elapsed time 5917.19 seconds, memory usage 1821196kB, peak memory usage 1919512kB (SOL-15)
# Info: Running transformation 'loops' on solution 'StemProcessor.v1': elapsed time 5943.95 seconds, memory usage 1821196kB, peak memory usage 1919512kB (SOL-15)
# Info: Running transformation 'loops' on solution 'StemProcessor.v1': elapsed time 5973.89 seconds, memory usage 1821196kB, peak memory usage 1919512kB (SOL-15)
# Info: Running transformation 'loops' on solution 'StemProcessor.v1': elapsed time 5999.39 seconds, memory usage 1821196kB, peak memory usage 1919512kB (SOL-15)
# Info: Running transformation 'loops' on solution 'StemProcessor.v1': elapsed time 6025.13 seconds, memory usage 1821196kB, peak memory usage 1919512kB (SOL-15)
# Info: Running transformation 'loops' on solution 'StemProcessor.v1': elapsed time 6051.21 seconds, memory usage 1821196kB, peak memory usage 1919512kB (SOL-15)
# Info: Running transformation 'loops' on solution 'StemProcessor.v1': elapsed time 6076.99 seconds, memory usage 1821196kB, peak memory usage 1919512kB (SOL-15)
# Info: Running transformation 'loops' on solution 'StemProcessor.v1': elapsed time 6103.09 seconds, memory usage 1821196kB, peak memory usage 1919512kB (SOL-15)
# Info: Running transformation 'loops' on solution 'StemProcessor.v1': elapsed time 6129.72 seconds, memory usage 1821196kB, peak memory usage 1919512kB (SOL-15)
# Info: Running transformation 'loops' on solution 'StemProcessor.v1': elapsed time 6159.65 seconds, memory usage 1821196kB, peak memory usage 1919512kB (SOL-15)
# Info: Running transformation 'loops' on solution 'StemProcessor.v1': elapsed time 6185.63 seconds, memory usage 1821196kB, peak memory usage 1919512kB (SOL-15)
# Info: Running transformation 'loops' on solution 'StemProcessor.v1': elapsed time 6211.41 seconds, memory usage 1821196kB, peak memory usage 1919512kB (SOL-15)
# Info: Running transformation 'loops' on solution 'StemProcessor.v1': elapsed time 6237.37 seconds, memory usage 1821196kB, peak memory usage 1919512kB (SOL-15)
# Info: Running transformation 'loops' on solution 'StemProcessor.v1': elapsed time 6263.32 seconds, memory usage 1821196kB, peak memory usage 1919512kB (SOL-15)
# Info: Running transformation 'loops' on solution 'StemProcessor.v1': elapsed time 6289.15 seconds, memory usage 1821196kB, peak memory usage 1919512kB (SOL-15)
# Info: Running transformation 'loops' on solution 'StemProcessor.v1': elapsed time 6315.38 seconds, memory usage 1821196kB, peak memory usage 1919512kB (SOL-15)
# Info: Running transformation 'loops' on solution 'StemProcessor.v1': elapsed time 6345.32 seconds, memory usage 1821196kB, peak memory usage 1919512kB (SOL-15)
# Info: Running transformation 'loops' on solution 'StemProcessor.v1': elapsed time 6371.49 seconds, memory usage 1821196kB, peak memory usage 1919512kB (SOL-15)
# Info: Running transformation 'loops' on solution 'StemProcessor.v1': elapsed time 6397.53 seconds, memory usage 1821196kB, peak memory usage 1919512kB (SOL-15)
# Info: Running transformation 'loops' on solution 'StemProcessor.v1': elapsed time 6423.35 seconds, memory usage 1821196kB, peak memory usage 1919512kB (SOL-15)
# Info: Running transformation 'loops' on solution 'StemProcessor.v1': elapsed time 6449.03 seconds, memory usage 1821196kB, peak memory usage 1919512kB (SOL-15)
# Info: Running transformation 'loops' on solution 'StemProcessor.v1': elapsed time 6474.90 seconds, memory usage 1821196kB, peak memory usage 1919512kB (SOL-15)
# Info: Running transformation 'loops' on solution 'StemProcessor.v1': elapsed time 6501.23 seconds, memory usage 1821196kB, peak memory usage 1919512kB (SOL-15)
# Info: Running transformation 'loops' on solution 'StemProcessor.v1': elapsed time 6531.17 seconds, memory usage 1821196kB, peak memory usage 1919512kB (SOL-15)
# Info: Running transformation 'loops' on solution 'StemProcessor.v1': elapsed time 6557.07 seconds, memory usage 1821196kB, peak memory usage 1919512kB (SOL-15)
# Info: Running transformation 'loops' on solution 'StemProcessor.v1': elapsed time 6582.84 seconds, memory usage 1821196kB, peak memory usage 1919512kB (SOL-15)
# Info: Running transformation 'loops' on solution 'StemProcessor.v1': elapsed time 6609.05 seconds, memory usage 1821196kB, peak memory usage 1919512kB (SOL-15)
# Info: Running transformation 'loops' on solution 'StemProcessor.v1': elapsed time 6635.39 seconds, memory usage 1821196kB, peak memory usage 1919512kB (SOL-15)
# Info: Running transformation 'loops' on solution 'StemProcessor.v1': elapsed time 6661.56 seconds, memory usage 1821196kB, peak memory usage 1919512kB (SOL-15)
# Info: Running transformation 'loops' on solution 'StemProcessor.v1': elapsed time 6687.67 seconds, memory usage 1821196kB, peak memory usage 1919512kB (SOL-15)
# Info: Running transformation 'loops' on solution 'StemProcessor.v1': elapsed time 6717.61 seconds, memory usage 1821196kB, peak memory usage 1919512kB (SOL-15)
# Info: Running transformation 'loops' on solution 'StemProcessor.v1': elapsed time 6743.62 seconds, memory usage 1821196kB, peak memory usage 1919512kB (SOL-15)
# Info: Running transformation 'loops' on solution 'StemProcessor.v1': elapsed time 6769.62 seconds, memory usage 1821196kB, peak memory usage 1919512kB (SOL-15)
# Info: Running transformation 'loops' on solution 'StemProcessor.v1': elapsed time 6795.86 seconds, memory usage 1821196kB, peak memory usage 1919512kB (SOL-15)
# Info: Running transformation 'loops' on solution 'StemProcessor.v1': elapsed time 6821.86 seconds, memory usage 1821196kB, peak memory usage 1919512kB (SOL-15)
# Info: Running transformation 'loops' on solution 'StemProcessor.v1': elapsed time 6847.62 seconds, memory usage 1821196kB, peak memory usage 1919512kB (SOL-15)
# Info: Running transformation 'loops' on solution 'StemProcessor.v1': elapsed time 6873.42 seconds, memory usage 1821196kB, peak memory usage 1919512kB (SOL-15)
# Info: Running transformation 'loops' on solution 'StemProcessor.v1': elapsed time 6903.35 seconds, memory usage 1821196kB, peak memory usage 1919512kB (SOL-15)
# Info: Running transformation 'loops' on solution 'StemProcessor.v1': elapsed time 6929.12 seconds, memory usage 1821196kB, peak memory usage 1919512kB (SOL-15)
# Info: Running transformation 'loops' on solution 'StemProcessor.v1': elapsed time 6954.79 seconds, memory usage 1821196kB, peak memory usage 1919512kB (SOL-15)
# Info: Running transformation 'loops' on solution 'StemProcessor.v1': elapsed time 6980.64 seconds, memory usage 1821196kB, peak memory usage 1919512kB (SOL-15)
# Info: Running transformation 'loops' on solution 'StemProcessor.v1': elapsed time 7006.57 seconds, memory usage 1821196kB, peak memory usage 1919512kB (SOL-15)
# Info: Running transformation 'loops' on solution 'StemProcessor.v1': elapsed time 7032.29 seconds, memory usage 1821196kB, peak memory usage 1919512kB (SOL-15)
# Info: Running transformation 'loops' on solution 'StemProcessor.v1': elapsed time 7058.53 seconds, memory usage 1821196kB, peak memory usage 1919512kB (SOL-15)
# Info: Completed transformation 'loops' on solution 'StemProcessor.v1': elapsed time 7069.62 seconds, memory usage 1821196kB, peak memory usage 1919512kB (SOL-9)
# Info: Design complexity at end of 'loops': Total ops = 45663, Real ops = 10618, Vars = 5091 (SOL-21)
# Info: Starting transformation 'memories' on solution 'StemProcessor.v1' (SOL-8)
# $PROJECT_HOME/src/stem/stem_processor.cpp(53): Memory Resource '/StemProcessor/run/w0:rsc' (from var: w0) mapped to 'ram_nangate-45nm-dualport_beh.RAM_dualRW' (size: 864 x 1). (MEM-4)
# $PROJECT_HOME/src/stem/stem_processor.cpp(67): Memory Resource '/StemProcessor/run/w1:rsc' (from var: w1) mapped to 'ram_nangate-45nm-dualport_beh.RAM_dualRW' (size: 512 x 1). (MEM-4)
# $PROJECT_HOME/src/stem/stem_processor.cpp(76): Memory Resource '/StemProcessor/run/w2:rsc' (from var: w2) mapped to 'ram_nangate-45nm-dualport_beh.RAM_dualRW' (size: 4608 x 1). (MEM-4)
# $PROJECT_HOME/src/stem/stem_processor.cpp(90): Memory Resource '/StemProcessor/run/w3:rsc' (from var: w3) mapped to 'ram_nangate-45nm-dualport_beh.RAM_dualRW' (size: 2048 x 1). (MEM-4)
# $PROJECT_HOME/src/stem/stem_processor.cpp(99): Memory Resource '/StemProcessor/run/bn0_scale:rsc' (from var: bn0_scale) mapped to 'ram_nangate-45nm-dualport_beh.RAM_dualRW' (size: 32 x 16). (MEM-4)
# $PROJECT_HOME/src/stem/stem_processor.cpp(99): Memory Resource '/StemProcessor/run/bn0_bias:rsc' (from var: bn0_bias) mapped to 'ram_nangate-45nm-dualport_beh.RAM_dualRW' (size: 32 x 16). (MEM-4)
# $PROJECT_HOME/src/stem/stem_processor.cpp(101): Memory Resource '/StemProcessor/run/bn2_scale:rsc' (from var: bn2_scale) mapped to 'ram_nangate-45nm-dualport_beh.RAM_dualRW' (size: 32 x 16). (MEM-4)
# $PROJECT_HOME/src/stem/stem_processor.cpp(101): Memory Resource '/StemProcessor/run/bn2_bias:rsc' (from var: bn2_bias) mapped to 'ram_nangate-45nm-dualport_beh.RAM_dualRW' (size: 32 x 16). (MEM-4)
# $PROJECT_HOME/src/stem/stem_processor.cpp(102): Memory Resource '/StemProcessor/run/bn3_scale:rsc' (from var: bn3_scale) mapped to 'ram_nangate-45nm-dualport_beh.RAM_dualRW' (size: 32 x 16). (MEM-4)
# $PROJECT_HOME/src/stem/stem_processor.cpp(102): Memory Resource '/StemProcessor/run/bn3_bias:rsc' (from var: bn3_bias) mapped to 'ram_nangate-45nm-dualport_beh.RAM_dualRW' (size: 32 x 16). (MEM-4)
# $PROJECT_HOME/src/stem/stem_buffer.h(205): Memory Resource '/StemProcessor/run/conv1_buf.buffer:rsc' (from var: conv1_buf.buffer) mapped to 'ram_nangate-45nm-dualport_beh.RAM_dualRW' (size: 327680 x 8). (MEM-4)
# $PROJECT_HOME/src/stem/stem_buffer.h(205): Memory Resource '/StemProcessor/run/mp_buf.buffer:rsc' (from var: mp_buf.buffer) mapped to 'ram_nangate-45nm-dualport_beh.RAM_dualRW' (size: 327680 x 8). (MEM-4)
# $PROJECT_HOME/src/stem/stem_config.h(104): Memory Resource '/StemProcessor/run/STAGE2_CONV0_COL:window.data:rsc' (from var: STAGE2_CONV0_COL:window.data) mapped to 'ram_nangate-45nm-dualport_beh.RAM_dualRW' (size: 576 x 8). (MEM-4)
# $PROJECT_HOME/src/stem/stem_processor.cpp(188): Memory Resource '/StemProcessor/run/STAGE2_CONV0_COL:acc#1:rsc' (from var: STAGE2_CONV0_COL:acc#1) mapped to 'ram_nangate-45nm-dualport_beh.RAM_dualRW' (size: 32 x 24). (MEM-4)
# $PROJECT_HOME/src/stem/stem_processor.cpp(213): Memory Resource '/StemProcessor/run/STAGE2_CONV0_COL:conv0_out:rsc' (from var: STAGE2_CONV0_COL:conv0_out) mapped to 'ram_nangate-45nm-dualport_beh.RAM_dualRW' (size: 64 x 8). (MEM-4)
# $PROJECT_HOME/src/stem/stem_processor.cpp(236): Memory Resource '/StemProcessor/run/STAGE3_CONV1_COL:input:rsc' (from var: STAGE3_CONV1_COL:input) mapped to 'ram_nangate-45nm-dualport_beh.RAM_dualRW' (size: 32 x 8). (MEM-4)
# $PROJECT_HOME/src/stem/stem_processor.cpp(253): Memory Resource '/StemProcessor/run/STAGE3_CONV1_COL:conv1_out:rsc' (from var: STAGE3_CONV1_COL:conv1_out) mapped to 'ram_nangate-45nm-dualport_beh.RAM_dualRW' (size: 64 x 8). (MEM-4)
# $PROJECT_HOME/src/stem/stem_config.h(104): Memory Resource '/StemProcessor/run/STAGE4_CONV2_COL:window.data:rsc' (from var: STAGE4_CONV2_COL:window.data) mapped to 'ram_nangate-45nm-dualport_beh.RAM_dualRW' (size: 576 x 8). (MEM-4)
# $PROJECT_HOME/src/stem/stem_processor.cpp(282): Memory Resource '/StemProcessor/run/STAGE4_CONV2_COL:acc#1:rsc' (from var: STAGE4_CONV2_COL:acc#1) mapped to 'ram_nangate-45nm-dualport_beh.RAM_dualRW' (size: 32 x 24). (MEM-4)
# $PROJECT_HOME/src/stem/stem_processor.cpp(304): Memory Resource '/StemProcessor/run/STAGE4_CONV2_COL:conv2_out:rsc' (from var: STAGE4_CONV2_COL:conv2_out) mapped to 'ram_nangate-45nm-dualport_beh.RAM_dualRW' (size: 64 x 8). (MEM-4)
# $PROJECT_HOME/src/stem/stem_processor.cpp(330): Memory Resource '/StemProcessor/run/STAGE5_MP_COL:window:rsc' (from var: STAGE5_MP_COL:window) mapped to 'ram_nangate-45nm-dualport_beh.RAM_dualRW' (size: 256 x 8). (MEM-4)
# $PROJECT_HOME/src/stem/stem_processor.cpp(333): Memory Resource '/StemProcessor/run/STAGE5_MP_COL:mp_out:rsc' (from var: STAGE5_MP_COL:mp_out) mapped to 'ram_nangate-45nm-dualport_beh.RAM_dualRW' (size: 64 x 8). (MEM-4)
# $PROJECT_HOME/src/stem/stem_processor.cpp(364): Memory Resource '/StemProcessor/run/STAGE6_CONV3_COL:pixel:rsc' (from var: STAGE6_CONV3_COL:pixel) mapped to 'ram_nangate-45nm-dualport_beh.RAM_dualRW' (size: 64 x 8). (MEM-4)
# $PROJECT_HOME/src/stem/stem_processor.cpp(367): Memory Resource '/StemProcessor/run/STAGE6_CONV3_COL:acc#1:rsc' (from var: STAGE6_CONV3_COL:acc#1) mapped to 'ram_nangate-45nm-dualport_beh.RAM_dualRW' (size: 32 x 24). (MEM-4)
# $PROJECT_HOME/src/stem/stem_processor.cpp(384): Memory Resource '/StemProcessor/run/STAGE6_CONV3_COL:conv3_out:rsc' (from var: STAGE6_CONV3_COL:conv3_out) mapped to 'ram_nangate-45nm-dualport_beh.RAM_dualRW' (size: 64 x 8). (MEM-4)
# $PROJECT_HOME/src/stem/stem_buffer.h(205): Memory Resource '/StemProcessor/run/line_buf_a.buffer:rsc' (from var: line_buf_a.buffer) mapped to 'ram_nangate-45nm-dualport_beh.RAM_dualRW' (size: 327680 x 8). (MEM-4)
# $PROJECT_HOME/src/stem/stem_buffer.h(205): Memory Resource '/StemProcessor/run/line_buf_b.buffer:rsc' (from var: line_buf_b.buffer) mapped to 'ram_nangate-45nm-dualport_beh.RAM_dualRW' (size: 5120 x 256). (MEM-4)
# $PROJECT_HOME/src/stem/stem_buffer.h(262): Memory Resource '/StemProcessor/run/concat_buf.path_a:rsc' (from var: concat_buf.path_a) mapped to 'ram_nangate-45nm-dualport_beh.RAM_dualRW' (size: 20480 x 8). (MEM-4)
# $PROJECT_HOME/src/stem/stem_buffer.h(263): Memory Resource '/StemProcessor/run/concat_buf.path_b:rsc' (from var: concat_buf.path_b) mapped to 'ram_nangate-45nm-dualport_beh.RAM_dualRW' (size: 20480 x 8). (MEM-4)
# $PROJECT_HOME/src/stem/stem_config.h(112): I/O-Port Resource '/StemProcessor/config.input_height:rsc' (from var: config.input_height) mapped to 'ccs_ioport.ccs_in' (size: 10). (MEM-2)
# $PROJECT_HOME/src/stem/stem_config.h(113): I/O-Port Resource '/StemProcessor/config.input_width:rsc' (from var: config.input_width) mapped to 'ccs_ioport.ccs_in' (size: 10). (MEM-2)
# $PROJECT_HOME/src/stem/stem_config.h(114): I/O-Port Resource '/StemProcessor/config.use_bn:rsc' (from var: config.use_bn) mapped to 'ccs_ioport.ccs_in' (size: 1). (MEM-2)
# $PROJECT_HOME/src/stem/stem_config.h(115): I/O-Port Resource '/StemProcessor/config.use_relu:rsc' (from var: config.use_relu) mapped to 'ccs_ioport.ccs_in' (size: 1). (MEM-2)
# Info: Running transformation 'memories' on solution 'StemProcessor.v1': elapsed time 25.47 seconds, memory usage 1821196kB, peak memory usage 1919512kB (SOL-15)
# Info: Running transformation 'memories' on solution 'StemProcessor.v1': elapsed time 50.93 seconds, memory usage 1919512kB, peak memory usage 1919512kB (SOL-15)
# Info: Running transformation 'memories' on solution 'StemProcessor.v1': elapsed time 80.87 seconds, memory usage 1886732kB, peak memory usage 2050584kB (SOL-15)
# Info: Running transformation 'memories' on solution 'StemProcessor.v1': elapsed time 106.09 seconds, memory usage 1886732kB, peak memory usage 2050584kB (SOL-15)
# Info: Running transformation 'memories' on solution 'StemProcessor.v1': elapsed time 131.75 seconds, memory usage 1886732kB, peak memory usage 2050584kB (SOL-15)
# Info: Running transformation 'memories' on solution 'StemProcessor.v1': elapsed time 157.62 seconds, memory usage 1886732kB, peak memory usage 2050584kB (SOL-15)
# Info: Running transformation 'memories' on solution 'StemProcessor.v1': elapsed time 183.35 seconds, memory usage 1886732kB, peak memory usage 2050584kB (SOL-15)
# Info: Running transformation 'memories' on solution 'StemProcessor.v1': elapsed time 209.11 seconds, memory usage 1886732kB, peak memory usage 2050584kB (SOL-15)
# Info: Running transformation 'memories' on solution 'StemProcessor.v1': elapsed time 236.03 seconds, memory usage 1886732kB, peak memory usage 2050584kB (SOL-15)
# Info: Running transformation 'memories' on solution 'StemProcessor.v1': elapsed time 265.97 seconds, memory usage 1886732kB, peak memory usage 2050584kB (SOL-15)
# Info: Running transformation 'memories' on solution 'StemProcessor.v1': elapsed time 291.27 seconds, memory usage 1886732kB, peak memory usage 2050584kB (SOL-15)
# Info: Running transformation 'memories' on solution 'StemProcessor.v1': elapsed time 316.68 seconds, memory usage 1886732kB, peak memory usage 2050584kB (SOL-15)
# Info: Running transformation 'memories' on solution 'StemProcessor.v1': elapsed time 342.22 seconds, memory usage 1886732kB, peak memory usage 2050584kB (SOL-15)
# Info: Running transformation 'memories' on solution 'StemProcessor.v1': elapsed time 367.09 seconds, memory usage 1886732kB, peak memory usage 2050584kB (SOL-15)
# Info: Running transformation 'memories' on solution 'StemProcessor.v1': elapsed time 392.50 seconds, memory usage 1886732kB, peak memory usage 2050584kB (SOL-15)
# Info: Running transformation 'memories' on solution 'StemProcessor.v1': elapsed time 421.76 seconds, memory usage 1886732kB, peak memory usage 2050584kB (SOL-15)
# Info: Running transformation 'memories' on solution 'StemProcessor.v1': elapsed time 451.70 seconds, memory usage 1886732kB, peak memory usage 2050584kB (SOL-15)
# Info: Running transformation 'memories' on solution 'StemProcessor.v1': elapsed time 476.74 seconds, memory usage 1886732kB, peak memory usage 2050584kB (SOL-15)
# Info: Running transformation 'memories' on solution 'StemProcessor.v1': elapsed time 501.58 seconds, memory usage 1886732kB, peak memory usage 2050584kB (SOL-15)
# Info: Running transformation 'memories' on solution 'StemProcessor.v1': elapsed time 526.87 seconds, memory usage 1886732kB, peak memory usage 2050584kB (SOL-15)
# Info: Running transformation 'memories' on solution 'StemProcessor.v1': elapsed time 552.42 seconds, memory usage 1886732kB, peak memory usage 2050584kB (SOL-15)
# Info: Running transformation 'memories' on solution 'StemProcessor.v1': elapsed time 578.03 seconds, memory usage 1886732kB, peak memory usage 2050584kB (SOL-15)
# Info: Running transformation 'memories' on solution 'StemProcessor.v1': elapsed time 607.52 seconds, memory usage 1886732kB, peak memory usage 2050584kB (SOL-15)
# Info: Running transformation 'memories' on solution 'StemProcessor.v1': elapsed time 637.46 seconds, memory usage 1886732kB, peak memory usage 2050584kB (SOL-15)
# Info: Running transformation 'memories' on solution 'StemProcessor.v1': elapsed time 662.97 seconds, memory usage 1886732kB, peak memory usage 2050584kB (SOL-15)
# Info: Running transformation 'memories' on solution 'StemProcessor.v1': elapsed time 688.75 seconds, memory usage 1886732kB, peak memory usage 2050584kB (SOL-15)
# Info: Running transformation 'memories' on solution 'StemProcessor.v1': elapsed time 714.01 seconds, memory usage 1886732kB, peak memory usage 2050584kB (SOL-15)
# Info: Running transformation 'memories' on solution 'StemProcessor.v1': elapsed time 739.47 seconds, memory usage 1886732kB, peak memory usage 2050584kB (SOL-15)
# Info: Running transformation 'memories' on solution 'StemProcessor.v1': elapsed time 764.98 seconds, memory usage 1886732kB, peak memory usage 2050584kB (SOL-15)
# Info: Running transformation 'memories' on solution 'StemProcessor.v1': elapsed time 793.27 seconds, memory usage 1886732kB, peak memory usage 2050584kB (SOL-15)
# Info: Running transformation 'memories' on solution 'StemProcessor.v1': elapsed time 823.21 seconds, memory usage 1886732kB, peak memory usage 2050584kB (SOL-15)
# Info: Running transformation 'memories' on solution 'StemProcessor.v1': elapsed time 848.40 seconds, memory usage 1886732kB, peak memory usage 2050584kB (SOL-15)
# Info: Running transformation 'memories' on solution 'StemProcessor.v1': elapsed time 874.05 seconds, memory usage 1886732kB, peak memory usage 2050584kB (SOL-15)
# Info: Running transformation 'memories' on solution 'StemProcessor.v1': elapsed time 899.69 seconds, memory usage 1886732kB, peak memory usage 2050584kB (SOL-15)
# Info: Running transformation 'memories' on solution 'StemProcessor.v1': elapsed time 925.45 seconds, memory usage 1886732kB, peak memory usage 2050584kB (SOL-15)
# Info: Running transformation 'memories' on solution 'StemProcessor.v1': elapsed time 951.02 seconds, memory usage 1886732kB, peak memory usage 2050584kB (SOL-15)
# Info: Running transformation 'memories' on solution 'StemProcessor.v1': elapsed time 979.07 seconds, memory usage 1886732kB, peak memory usage 2050584kB (SOL-15)
# Info: Running transformation 'memories' on solution 'StemProcessor.v1': elapsed time 1009.01 seconds, memory usage 1886732kB, peak memory usage 2050584kB (SOL-15)
# Info: Running transformation 'memories' on solution 'StemProcessor.v1': elapsed time 1034.60 seconds, memory usage 1886732kB, peak memory usage 2050584kB (SOL-15)
# Info: Running transformation 'memories' on solution 'StemProcessor.v1': elapsed time 1060.47 seconds, memory usage 1886732kB, peak memory usage 2050584kB (SOL-15)
# Info: Running transformation 'memories' on solution 'StemProcessor.v1': elapsed time 1086.22 seconds, memory usage 1886732kB, peak memory usage 2050584kB (SOL-15)
# Info: Running transformation 'memories' on solution 'StemProcessor.v1': elapsed time 1111.62 seconds, memory usage 1886732kB, peak memory usage 2050584kB (SOL-15)
# Info: Running transformation 'memories' on solution 'StemProcessor.v1': elapsed time 1137.21 seconds, memory usage 1886732kB, peak memory usage 2050584kB (SOL-15)
# Info: Running transformation 'memories' on solution 'StemProcessor.v1': elapsed time 1164.83 seconds, memory usage 1886732kB, peak memory usage 2050584kB (SOL-15)
# Info: Running transformation 'memories' on solution 'StemProcessor.v1': elapsed time 1194.76 seconds, memory usage 1886732kB, peak memory usage 2050584kB (SOL-15)
# Info: Running transformation 'memories' on solution 'StemProcessor.v1': elapsed time 1220.38 seconds, memory usage 1886732kB, peak memory usage 2050584kB (SOL-15)
# Info: Running transformation 'memories' on solution 'StemProcessor.v1': elapsed time 1246.07 seconds, memory usage 1886732kB, peak memory usage 2050584kB (SOL-15)
# Info: Running transformation 'memories' on solution 'StemProcessor.v1': elapsed time 1271.55 seconds, memory usage 1886732kB, peak memory usage 2050584kB (SOL-15)
# Info: Running transformation 'memories' on solution 'StemProcessor.v1': elapsed time 1296.85 seconds, memory usage 1886732kB, peak memory usage 2050584kB (SOL-15)
# Info: Running transformation 'memories' on solution 'StemProcessor.v1': elapsed time 1322.44 seconds, memory usage 1886732kB, peak memory usage 2050584kB (SOL-15)
# Info: Running transformation 'memories' on solution 'StemProcessor.v1': elapsed time 1350.59 seconds, memory usage 1886732kB, peak memory usage 2050584kB (SOL-15)
# Info: Running transformation 'memories' on solution 'StemProcessor.v1': elapsed time 1380.52 seconds, memory usage 1886732kB, peak memory usage 2050584kB (SOL-15)
# Info: Running transformation 'memories' on solution 'StemProcessor.v1': elapsed time 1405.91 seconds, memory usage 1886732kB, peak memory usage 2050584kB (SOL-15)
# Info: Running transformation 'memories' on solution 'StemProcessor.v1': elapsed time 1431.57 seconds, memory usage 1886732kB, peak memory usage 2050584kB (SOL-15)
# Info: Running transformation 'memories' on solution 'StemProcessor.v1': elapsed time 1457.27 seconds, memory usage 1886732kB, peak memory usage 2050584kB (SOL-15)
# Info: Running transformation 'memories' on solution 'StemProcessor.v1': elapsed time 1482.52 seconds, memory usage 1886732kB, peak memory usage 2050584kB (SOL-15)
# Info: Running transformation 'memories' on solution 'StemProcessor.v1': elapsed time 1508.33 seconds, memory usage 1886732kB, peak memory usage 2050584kB (SOL-15)
# Info: Running transformation 'memories' on solution 'StemProcessor.v1': elapsed time 1536.35 seconds, memory usage 1886732kB, peak memory usage 2050584kB (SOL-15)
# Info: Running transformation 'memories' on solution 'StemProcessor.v1': elapsed time 1566.29 seconds, memory usage 1886732kB, peak memory usage 2050584kB (SOL-15)
# Info: Running transformation 'memories' on solution 'StemProcessor.v1': elapsed time 1591.92 seconds, memory usage 1886732kB, peak memory usage 2050584kB (SOL-15)
# Info: Running transformation 'memories' on solution 'StemProcessor.v1': elapsed time 1617.62 seconds, memory usage 1886732kB, peak memory usage 2050584kB (SOL-15)
# Info: Running transformation 'memories' on solution 'StemProcessor.v1': elapsed time 1643.02 seconds, memory usage 1886732kB, peak memory usage 2050584kB (SOL-15)
# Info: Running transformation 'memories' on solution 'StemProcessor.v1': elapsed time 1668.60 seconds, memory usage 1886732kB, peak memory usage 2050584kB (SOL-15)
# Info: Running transformation 'memories' on solution 'StemProcessor.v1': elapsed time 1694.22 seconds, memory usage 1886732kB, peak memory usage 2050584kB (SOL-15)
# Info: Running transformation 'memories' on solution 'StemProcessor.v1': elapsed time 1722.18 seconds, memory usage 1886732kB, peak memory usage 2050584kB (SOL-15)
# Info: Running transformation 'memories' on solution 'StemProcessor.v1': elapsed time 1752.12 seconds, memory usage 1985048kB, peak memory usage 2050584kB (SOL-15)
# Info: Running transformation 'memories' on solution 'StemProcessor.v1': elapsed time 1777.72 seconds, memory usage 1960460kB, peak memory usage 2050584kB (SOL-15)
# Info: Running transformation 'memories' on solution 'StemProcessor.v1': elapsed time 1803.03 seconds, memory usage 1960460kB, peak memory usage 2050584kB (SOL-15)
# Info: Running transformation 'memories' on solution 'StemProcessor.v1': elapsed time 1828.28 seconds, memory usage 1960460kB, peak memory usage 2050584kB (SOL-15)
# Info: Running transformation 'memories' on solution 'StemProcessor.v1': elapsed time 1853.48 seconds, memory usage 1960460kB, peak memory usage 2050584kB (SOL-15)
# Info: Running transformation 'memories' on solution 'StemProcessor.v1': elapsed time 1879.27 seconds, memory usage 1960460kB, peak memory usage 2050584kB (SOL-15)
# Info: Running transformation 'memories' on solution 'StemProcessor.v1': elapsed time 1908.02 seconds, memory usage 1960460kB, peak memory usage 2050584kB (SOL-15)
# Info: Running transformation 'memories' on solution 'StemProcessor.v1': elapsed time 1937.95 seconds, memory usage 1960460kB, peak memory usage 2050584kB (SOL-15)
# Info: Running transformation 'memories' on solution 'StemProcessor.v1': elapsed time 1963.41 seconds, memory usage 1960460kB, peak memory usage 2050584kB (SOL-15)
# Info: Running transformation 'memories' on solution 'StemProcessor.v1': elapsed time 1988.73 seconds, memory usage 1960460kB, peak memory usage 2050584kB (SOL-15)
# Info: Running transformation 'memories' on solution 'StemProcessor.v1': elapsed time 2014.44 seconds, memory usage 1960460kB, peak memory usage 2050584kB (SOL-15)
# Info: Running transformation 'memories' on solution 'StemProcessor.v1': elapsed time 2039.64 seconds, memory usage 1960460kB, peak memory usage 2050584kB (SOL-15)
# Info: Running transformation 'memories' on solution 'StemProcessor.v1': elapsed time 2065.30 seconds, memory usage 1960460kB, peak memory usage 2050584kB (SOL-15)
# Info: Running transformation 'memories' on solution 'StemProcessor.v1': elapsed time 2093.72 seconds, memory usage 1960460kB, peak memory usage 2050584kB (SOL-15)
# Info: Running transformation 'memories' on solution 'StemProcessor.v1': elapsed time 2123.66 seconds, memory usage 1960460kB, peak memory usage 2050584kB (SOL-15)
# Info: Running transformation 'memories' on solution 'StemProcessor.v1': elapsed time 2149.20 seconds, memory usage 1960460kB, peak memory usage 2050584kB (SOL-15)
# Info: Running transformation 'memories' on solution 'StemProcessor.v1': elapsed time 2174.90 seconds, memory usage 1960460kB, peak memory usage 2050584kB (SOL-15)
# Info: Running transformation 'memories' on solution 'StemProcessor.v1': elapsed time 2200.30 seconds, memory usage 1960460kB, peak memory usage 2050584kB (SOL-15)
# Info: Running transformation 'memories' on solution 'StemProcessor.v1': elapsed time 2225.39 seconds, memory usage 1960460kB, peak memory usage 2050584kB (SOL-15)
# Info: Running transformation 'memories' on solution 'StemProcessor.v1': elapsed time 2250.78 seconds, memory usage 1960460kB, peak memory usage 2050584kB (SOL-15)
# Info: Running transformation 'memories' on solution 'StemProcessor.v1': elapsed time 2279.51 seconds, memory usage 1960460kB, peak memory usage 2050584kB (SOL-15)
# Info: Running transformation 'memories' on solution 'StemProcessor.v1': elapsed time 2309.45 seconds, memory usage 1960460kB, peak memory usage 2050584kB (SOL-15)
# Info: Running transformation 'memories' on solution 'StemProcessor.v1': elapsed time 2335.15 seconds, memory usage 1960460kB, peak memory usage 2050584kB (SOL-15)
# Info: Running transformation 'memories' on solution 'StemProcessor.v1': elapsed time 2361.00 seconds, memory usage 1960460kB, peak memory usage 2050584kB (SOL-15)
# Info: Running transformation 'memories' on solution 'StemProcessor.v1': elapsed time 2386.45 seconds, memory usage 1960460kB, peak memory usage 2050584kB (SOL-15)
# Info: Running transformation 'memories' on solution 'StemProcessor.v1': elapsed time 2411.96 seconds, memory usage 1960460kB, peak memory usage 2050584kB (SOL-15)
# Info: Running transformation 'memories' on solution 'StemProcessor.v1': elapsed time 2437.53 seconds, memory usage 1960460kB, peak memory usage 2050584kB (SOL-15)
# Info: Running transformation 'memories' on solution 'StemProcessor.v1': elapsed time 2465.36 seconds, memory usage 1960460kB, peak memory usage 2050584kB (SOL-15)
# Info: Running transformation 'memories' on solution 'StemProcessor.v1': elapsed time 2495.30 seconds, memory usage 1960460kB, peak memory usage 2050584kB (SOL-15)
# Info: Running transformation 'memories' on solution 'StemProcessor.v1': elapsed time 2520.61 seconds, memory usage 1960460kB, peak memory usage 2050584kB (SOL-15)
# Info: Running transformation 'memories' on solution 'StemProcessor.v1': elapsed time 2546.05 seconds, memory usage 1960460kB, peak memory usage 2050584kB (SOL-15)
# Info: Running transformation 'memories' on solution 'StemProcessor.v1': elapsed time 2571.68 seconds, memory usage 1960460kB, peak memory usage 2050584kB (SOL-15)
# Info: Running transformation 'memories' on solution 'StemProcessor.v1': elapsed time 2597.09 seconds, memory usage 1960460kB, peak memory usage 2050584kB (SOL-15)
# Info: Running transformation 'memories' on solution 'StemProcessor.v1': elapsed time 2622.78 seconds, memory usage 1960460kB, peak memory usage 2050584kB (SOL-15)
# Info: Running transformation 'memories' on solution 'StemProcessor.v1': elapsed time 2651.09 seconds, memory usage 1960460kB, peak memory usage 2050584kB (SOL-15)
# Info: Running transformation 'memories' on solution 'StemProcessor.v1': elapsed time 2681.03 seconds, memory usage 1960460kB, peak memory usage 2050584kB (SOL-15)
# Info: Running transformation 'memories' on solution 'StemProcessor.v1': elapsed time 2706.60 seconds, memory usage 1960460kB, peak memory usage 2050584kB (SOL-15)
# Info: Running transformation 'memories' on solution 'StemProcessor.v1': elapsed time 2731.65 seconds, memory usage 1960460kB, peak memory usage 2050584kB (SOL-15)
# Info: Running transformation 'memories' on solution 'StemProcessor.v1': elapsed time 2757.20 seconds, memory usage 1960460kB, peak memory usage 2050584kB (SOL-15)
# Info: Running transformation 'memories' on solution 'StemProcessor.v1': elapsed time 2782.56 seconds, memory usage 1960460kB, peak memory usage 2050584kB (SOL-15)
# Info: Running transformation 'memories' on solution 'StemProcessor.v1': elapsed time 2808.21 seconds, memory usage 1960460kB, peak memory usage 2050584kB (SOL-15)
# Info: Running transformation 'memories' on solution 'StemProcessor.v1': elapsed time 2836.71 seconds, memory usage 1960460kB, peak memory usage 2050584kB (SOL-15)
# Info: Running transformation 'memories' on solution 'StemProcessor.v1': elapsed time 2866.65 seconds, memory usage 1960460kB, peak memory usage 2050584kB (SOL-15)
# Info: Running transformation 'memories' on solution 'StemProcessor.v1': elapsed time 2892.33 seconds, memory usage 1960460kB, peak memory usage 2050584kB (SOL-15)
# Info: Running transformation 'memories' on solution 'StemProcessor.v1': elapsed time 2918.01 seconds, memory usage 1960460kB, peak memory usage 2050584kB (SOL-15)
# Info: Running transformation 'memories' on solution 'StemProcessor.v1': elapsed time 2943.70 seconds, memory usage 1960460kB, peak memory usage 2050584kB (SOL-15)
# Info: Running transformation 'memories' on solution 'StemProcessor.v1': elapsed time 2969.22 seconds, memory usage 1960460kB, peak memory usage 2050584kB (SOL-15)
# Info: Running transformation 'memories' on solution 'StemProcessor.v1': elapsed time 2994.86 seconds, memory usage 1960460kB, peak memory usage 2050584kB (SOL-15)
# Info: Running transformation 'memories' on solution 'StemProcessor.v1': elapsed time 3022.58 seconds, memory usage 1960460kB, peak memory usage 2050584kB (SOL-15)
# Info: Running transformation 'memories' on solution 'StemProcessor.v1': elapsed time 3052.52 seconds, memory usage 1960460kB, peak memory usage 2050584kB (SOL-15)
# Info: Running transformation 'memories' on solution 'StemProcessor.v1': elapsed time 3078.04 seconds, memory usage 1960460kB, peak memory usage 2050584kB (SOL-15)
# Info: Running transformation 'memories' on solution 'StemProcessor.v1': elapsed time 3103.72 seconds, memory usage 1960460kB, peak memory usage 2050584kB (SOL-15)
# Info: Running transformation 'memories' on solution 'StemProcessor.v1': elapsed time 3129.26 seconds, memory usage 1960460kB, peak memory usage 2050584kB (SOL-15)
# Info: Running transformation 'memories' on solution 'StemProcessor.v1': elapsed time 3154.48 seconds, memory usage 1960460kB, peak memory usage 2050584kB (SOL-15)
# Info: Running transformation 'memories' on solution 'StemProcessor.v1': elapsed time 3180.25 seconds, memory usage 1960460kB, peak memory usage 2050584kB (SOL-15)
# Info: Running transformation 'memories' on solution 'StemProcessor.v1': elapsed time 3208.31 seconds, memory usage 1960460kB, peak memory usage 2050584kB (SOL-15)
# Info: Running transformation 'memories' on solution 'StemProcessor.v1': elapsed time 3238.24 seconds, memory usage 1960460kB, peak memory usage 2050584kB (SOL-15)
# Info: Running transformation 'memories' on solution 'StemProcessor.v1': elapsed time 3264.02 seconds, memory usage 1960460kB, peak memory usage 2050584kB (SOL-15)
# Info: Running transformation 'memories' on solution 'StemProcessor.v1': elapsed time 3289.39 seconds, memory usage 1960460kB, peak memory usage 2050584kB (SOL-15)
# Info: Running transformation 'memories' on solution 'StemProcessor.v1': elapsed time 3314.88 seconds, memory usage 1960460kB, peak memory usage 2050584kB (SOL-15)
# Info: Running transformation 'memories' on solution 'StemProcessor.v1': elapsed time 3339.90 seconds, memory usage 1960460kB, peak memory usage 2050584kB (SOL-15)
# Info: Running transformation 'memories' on solution 'StemProcessor.v1': elapsed time 3365.61 seconds, memory usage 1960460kB, peak memory usage 2050584kB (SOL-15)
# Info: Running transformation 'memories' on solution 'StemProcessor.v1': elapsed time 3394.04 seconds, memory usage 1960460kB, peak memory usage 2050584kB (SOL-15)
# Info: Running transformation 'memories' on solution 'StemProcessor.v1': elapsed time 3423.99 seconds, memory usage 1960460kB, peak memory usage 2050584kB (SOL-15)
# Info: Running transformation 'memories' on solution 'StemProcessor.v1': elapsed time 3449.47 seconds, memory usage 1960460kB, peak memory usage 2050584kB (SOL-15)
# Info: Running transformation 'memories' on solution 'StemProcessor.v1': elapsed time 3474.70 seconds, memory usage 1960460kB, peak memory usage 2050584kB (SOL-15)
# Info: Running transformation 'memories' on solution 'StemProcessor.v1': elapsed time 3500.28 seconds, memory usage 1960460kB, peak memory usage 2050584kB (SOL-15)
# Info: Running transformation 'memories' on solution 'StemProcessor.v1': elapsed time 3525.58 seconds, memory usage 1960460kB, peak memory usage 2050584kB (SOL-15)
# Info: Running transformation 'memories' on solution 'StemProcessor.v1': elapsed time 3551.24 seconds, memory usage 1960460kB, peak memory usage 2050584kB (SOL-15)
# Info: Running transformation 'memories' on solution 'StemProcessor.v1': elapsed time 3579.89 seconds, memory usage 2157084kB, peak memory usage 2157084kB (SOL-15)
# Info: Running transformation 'memories' on solution 'StemProcessor.v1': elapsed time 3609.83 seconds, memory usage 2157084kB, peak memory usage 2157084kB (SOL-15)
# Info: Running transformation 'memories' on solution 'StemProcessor.v1': elapsed time 3635.20 seconds, memory usage 2157084kB, peak memory usage 2157084kB (SOL-15)
# Info: Running transformation 'memories' on solution 'StemProcessor.v1': elapsed time 3660.68 seconds, memory usage 2157084kB, peak memory usage 2157084kB (SOL-15)
# Info: Running transformation 'memories' on solution 'StemProcessor.v1': elapsed time 3686.39 seconds, memory usage 2157084kB, peak memory usage 2157084kB (SOL-15)
# Info: Running transformation 'memories' on solution 'StemProcessor.v1': elapsed time 3712.13 seconds, memory usage 2157084kB, peak memory usage 2157084kB (SOL-15)
# Info: Running transformation 'memories' on solution 'StemProcessor.v1': elapsed time 3737.77 seconds, memory usage 2157084kB, peak memory usage 2157084kB (SOL-15)
# Info: Running transformation 'memories' on solution 'StemProcessor.v1': elapsed time 3765.68 seconds, memory usage 2157084kB, peak memory usage 2157084kB (SOL-15)
# Info: Running transformation 'memories' on solution 'StemProcessor.v1': elapsed time 3795.62 seconds, memory usage 2157084kB, peak memory usage 2157084kB (SOL-15)
# Info: Running transformation 'memories' on solution 'StemProcessor.v1': elapsed time 3821.03 seconds, memory usage 2157084kB, peak memory usage 2157084kB (SOL-15)
# Info: Running transformation 'memories' on solution 'StemProcessor.v1': elapsed time 3846.24 seconds, memory usage 2157084kB, peak memory usage 2157084kB (SOL-15)
# Info: Running transformation 'memories' on solution 'StemProcessor.v1': elapsed time 3871.76 seconds, memory usage 2157084kB, peak memory usage 2157084kB (SOL-15)
# Info: Running transformation 'memories' on solution 'StemProcessor.v1': elapsed time 3897.02 seconds, memory usage 2157084kB, peak memory usage 2157084kB (SOL-15)
# Info: Running transformation 'memories' on solution 'StemProcessor.v1': elapsed time 3922.60 seconds, memory usage 2157084kB, peak memory usage 2157084kB (SOL-15)
# Info: Running transformation 'memories' on solution 'StemProcessor.v1': elapsed time 3951.45 seconds, memory usage 2157084kB, peak memory usage 2157084kB (SOL-15)
# Info: Running transformation 'memories' on solution 'StemProcessor.v1': elapsed time 3981.39 seconds, memory usage 2157084kB, peak memory usage 2157084kB (SOL-15)
# Info: Running transformation 'memories' on solution 'StemProcessor.v1': elapsed time 4006.76 seconds, memory usage 2157084kB, peak memory usage 2157084kB (SOL-15)
# Info: Running transformation 'memories' on solution 'StemProcessor.v1': elapsed time 4032.30 seconds, memory usage 2157084kB, peak memory usage 2157084kB (SOL-15)
# Info: Running transformation 'memories' on solution 'StemProcessor.v1': elapsed time 4058.05 seconds, memory usage 2157084kB, peak memory usage 2157084kB (SOL-15)
# Info: Running transformation 'memories' on solution 'StemProcessor.v1': elapsed time 4083.74 seconds, memory usage 2157084kB, peak memory usage 2157084kB (SOL-15)
# Info: Running transformation 'memories' on solution 'StemProcessor.v1': elapsed time 4109.24 seconds, memory usage 2157084kB, peak memory usage 2157084kB (SOL-15)
# Info: Running transformation 'memories' on solution 'StemProcessor.v1': elapsed time 4137.25 seconds, memory usage 2157084kB, peak memory usage 2157084kB (SOL-15)
# Info: Running transformation 'memories' on solution 'StemProcessor.v1': elapsed time 4167.19 seconds, memory usage 2157084kB, peak memory usage 2157084kB (SOL-15)
# Info: Running transformation 'memories' on solution 'StemProcessor.v1': elapsed time 4192.44 seconds, memory usage 2157084kB, peak memory usage 2157084kB (SOL-15)
# Info: Running transformation 'memories' on solution 'StemProcessor.v1': elapsed time 4217.66 seconds, memory usage 2157084kB, peak memory usage 2157084kB (SOL-15)
# Info: Running transformation 'memories' on solution 'StemProcessor.v1': elapsed time 4243.06 seconds, memory usage 2157084kB, peak memory usage 2157084kB (SOL-15)
# Info: Running transformation 'memories' on solution 'StemProcessor.v1': elapsed time 4268.70 seconds, memory usage 2157084kB, peak memory usage 2157084kB (SOL-15)
# Info: Running transformation 'memories' on solution 'StemProcessor.v1': elapsed time 4294.34 seconds, memory usage 2157084kB, peak memory usage 2157084kB (SOL-15)
# Info: Running transformation 'memories' on solution 'StemProcessor.v1': elapsed time 4323.06 seconds, memory usage 2157084kB, peak memory usage 2157084kB (SOL-15)
# Info: Running transformation 'memories' on solution 'StemProcessor.v1': elapsed time 4353.00 seconds, memory usage 2157084kB, peak memory usage 2157084kB (SOL-15)
# Info: Running transformation 'memories' on solution 'StemProcessor.v1': elapsed time 4378.65 seconds, memory usage 2157084kB, peak memory usage 2157084kB (SOL-15)
# Info: Running transformation 'memories' on solution 'StemProcessor.v1': elapsed time 4404.05 seconds, memory usage 2157084kB, peak memory usage 2157084kB (SOL-15)
# Info: Running transformation 'memories' on solution 'StemProcessor.v1': elapsed time 4429.33 seconds, memory usage 2157084kB, peak memory usage 2157084kB (SOL-15)
# Info: Running transformation 'memories' on solution 'StemProcessor.v1': elapsed time 4454.87 seconds, memory usage 2157084kB, peak memory usage 2157084kB (SOL-15)
# Info: Running transformation 'memories' on solution 'StemProcessor.v1': elapsed time 4480.52 seconds, memory usage 2157084kB, peak memory usage 2157084kB (SOL-15)
# Info: Running transformation 'memories' on solution 'StemProcessor.v1': elapsed time 4508.86 seconds, memory usage 2157084kB, peak memory usage 2157084kB (SOL-15)
# Info: Running transformation 'memories' on solution 'StemProcessor.v1': elapsed time 4538.80 seconds, memory usage 2157084kB, peak memory usage 2157084kB (SOL-15)
# Info: Running transformation 'memories' on solution 'StemProcessor.v1': elapsed time 4564.38 seconds, memory usage 2157084kB, peak memory usage 2157084kB (SOL-15)
# Info: Running transformation 'memories' on solution 'StemProcessor.v1': elapsed time 4589.95 seconds, memory usage 2157084kB, peak memory usage 2157084kB (SOL-15)
# Info: Running transformation 'memories' on solution 'StemProcessor.v1': elapsed time 4615.34 seconds, memory usage 2157084kB, peak memory usage 2157084kB (SOL-15)
# Info: Running transformation 'memories' on solution 'StemProcessor.v1': elapsed time 4640.35 seconds, memory usage 2157084kB, peak memory usage 2157084kB (SOL-15)
# Info: Running transformation 'memories' on solution 'StemProcessor.v1': elapsed time 4665.95 seconds, memory usage 2157084kB, peak memory usage 2157084kB (SOL-15)
# Info: Running transformation 'memories' on solution 'StemProcessor.v1': elapsed time 4694.64 seconds, memory usage 2157084kB, peak memory usage 2157084kB (SOL-15)
# Info: Running transformation 'memories' on solution 'StemProcessor.v1': elapsed time 4724.58 seconds, memory usage 2157084kB, peak memory usage 2157084kB (SOL-15)
# Info: Running transformation 'memories' on solution 'StemProcessor.v1': elapsed time 4750.26 seconds, memory usage 2157084kB, peak memory usage 2157084kB (SOL-15)
# Info: Running transformation 'memories' on solution 'StemProcessor.v1': elapsed time 4775.60 seconds, memory usage 2157084kB, peak memory usage 2157084kB (SOL-15)
# Info: Running transformation 'memories' on solution 'StemProcessor.v1': elapsed time 4801.09 seconds, memory usage 2157084kB, peak memory usage 2157084kB (SOL-15)
# Info: Running transformation 'memories' on solution 'StemProcessor.v1': elapsed time 4826.70 seconds, memory usage 2157084kB, peak memory usage 2157084kB (SOL-15)
# Info: Running transformation 'memories' on solution 'StemProcessor.v1': elapsed time 4852.16 seconds, memory usage 2157084kB, peak memory usage 2157084kB (SOL-15)
# Info: Running transformation 'memories' on solution 'StemProcessor.v1': elapsed time 4880.40 seconds, memory usage 2157084kB, peak memory usage 2157084kB (SOL-15)
# Info: Running transformation 'memories' on solution 'StemProcessor.v1': elapsed time 4910.34 seconds, memory usage 2157084kB, peak memory usage 2157084kB (SOL-15)
# Info: Running transformation 'memories' on solution 'StemProcessor.v1': elapsed time 4935.96 seconds, memory usage 2157084kB, peak memory usage 2157084kB (SOL-15)
# Info: Running transformation 'memories' on solution 'StemProcessor.v1': elapsed time 4961.62 seconds, memory usage 2157084kB, peak memory usage 2157084kB (SOL-15)
# Info: Running transformation 'memories' on solution 'StemProcessor.v1': elapsed time 4987.39 seconds, memory usage 2157084kB, peak memory usage 2157084kB (SOL-15)
# Info: Running transformation 'memories' on solution 'StemProcessor.v1': elapsed time 5013.10 seconds, memory usage 2157084kB, peak memory usage 2157084kB (SOL-15)
# Info: Running transformation 'memories' on solution 'StemProcessor.v1': elapsed time 5038.43 seconds, memory usage 2157084kB, peak memory usage 2157084kB (SOL-15)
# Info: Running transformation 'memories' on solution 'StemProcessor.v1': elapsed time 5066.21 seconds, memory usage 2157084kB, peak memory usage 2157084kB (SOL-15)
# Info: Running transformation 'memories' on solution 'StemProcessor.v1': elapsed time 5096.15 seconds, memory usage 2157084kB, peak memory usage 2157084kB (SOL-15)
# Info: Running transformation 'memories' on solution 'StemProcessor.v1': elapsed time 5121.73 seconds, memory usage 2157084kB, peak memory usage 2157084kB (SOL-15)
# Info: Running transformation 'memories' on solution 'StemProcessor.v1': elapsed time 5147.39 seconds, memory usage 2157084kB, peak memory usage 2157084kB (SOL-15)
# Info: Running transformation 'memories' on solution 'StemProcessor.v1': elapsed time 5173.13 seconds, memory usage 2157084kB, peak memory usage 2157084kB (SOL-15)
# Info: Running transformation 'memories' on solution 'StemProcessor.v1': elapsed time 5198.47 seconds, memory usage 2157084kB, peak memory usage 2157084kB (SOL-15)
# Info: Running transformation 'memories' on solution 'StemProcessor.v1': elapsed time 5223.64 seconds, memory usage 2157084kB, peak memory usage 2157084kB (SOL-15)
# Info: Running transformation 'memories' on solution 'StemProcessor.v1': elapsed time 5253.59 seconds, memory usage 2157084kB, peak memory usage 2157084kB (SOL-15)
# Info: Running transformation 'memories' on solution 'StemProcessor.v1': elapsed time 5278.83 seconds, memory usage 2157084kB, peak memory usage 2157084kB (SOL-15)
# Info: Running transformation 'memories' on solution 'StemProcessor.v1': elapsed time 5304.47 seconds, memory usage 2157084kB, peak memory usage 2157084kB (SOL-15)
# Info: Running transformation 'memories' on solution 'StemProcessor.v1': elapsed time 5330.12 seconds, memory usage 2157084kB, peak memory usage 2157084kB (SOL-15)
# Info: Running transformation 'memories' on solution 'StemProcessor.v1': elapsed time 5355.67 seconds, memory usage 2157084kB, peak memory usage 2157084kB (SOL-15)
# Info: Running transformation 'memories' on solution 'StemProcessor.v1': elapsed time 5381.37 seconds, memory usage 2157084kB, peak memory usage 2157084kB (SOL-15)
# Info: Running transformation 'memories' on solution 'StemProcessor.v1': elapsed time 5408.44 seconds, memory usage 2157084kB, peak memory usage 2157084kB (SOL-15)
# Info: Running transformation 'memories' on solution 'StemProcessor.v1': elapsed time 5438.38 seconds, memory usage 2157084kB, peak memory usage 2157084kB (SOL-15)
# Info: Running transformation 'memories' on solution 'StemProcessor.v1': elapsed time 5463.49 seconds, memory usage 2157084kB, peak memory usage 2157084kB (SOL-15)
# Info: Running transformation 'memories' on solution 'StemProcessor.v1': elapsed time 5489.11 seconds, memory usage 2157084kB, peak memory usage 2157084kB (SOL-15)
# Info: Running transformation 'memories' on solution 'StemProcessor.v1': elapsed time 5514.73 seconds, memory usage 2157084kB, peak memory usage 2157084kB (SOL-15)
# Info: Running transformation 'memories' on solution 'StemProcessor.v1': elapsed time 5539.58 seconds, memory usage 2157084kB, peak memory usage 2157084kB (SOL-15)
# Info: Running transformation 'memories' on solution 'StemProcessor.v1': elapsed time 5564.77 seconds, memory usage 2157084kB, peak memory usage 2157084kB (SOL-15)
# Info: Running transformation 'memories' on solution 'StemProcessor.v1': elapsed time 5594.20 seconds, memory usage 2157084kB, peak memory usage 2157084kB (SOL-15)
# Info: Running transformation 'memories' on solution 'StemProcessor.v1': elapsed time 5624.13 seconds, memory usage 2157084kB, peak memory usage 2157084kB (SOL-15)
# Info: Running transformation 'memories' on solution 'StemProcessor.v1': elapsed time 5649.92 seconds, memory usage 2157084kB, peak memory usage 2157084kB (SOL-15)
# Info: Running transformation 'memories' on solution 'StemProcessor.v1': elapsed time 5675.47 seconds, memory usage 2157084kB, peak memory usage 2157084kB (SOL-15)
# Info: Running transformation 'memories' on solution 'StemProcessor.v1': elapsed time 5701.15 seconds, memory usage 2157084kB, peak memory usage 2157084kB (SOL-15)
# Info: Running transformation 'memories' on solution 'StemProcessor.v1': elapsed time 5726.55 seconds, memory usage 2157084kB, peak memory usage 2157084kB (SOL-15)
# Info: Running transformation 'memories' on solution 'StemProcessor.v1': elapsed time 5752.16 seconds, memory usage 2157084kB, peak memory usage 2157084kB (SOL-15)
# Info: Running transformation 'memories' on solution 'StemProcessor.v1': elapsed time 5780.01 seconds, memory usage 2157084kB, peak memory usage 2157084kB (SOL-15)
# Info: Running transformation 'memories' on solution 'StemProcessor.v1': elapsed time 5809.95 seconds, memory usage 2157084kB, peak memory usage 2157084kB (SOL-15)
# Info: Running transformation 'memories' on solution 'StemProcessor.v1': elapsed time 5835.34 seconds, memory usage 2157084kB, peak memory usage 2157084kB (SOL-15)
# Info: Running transformation 'memories' on solution 'StemProcessor.v1': elapsed time 5860.55 seconds, memory usage 2157084kB, peak memory usage 2157084kB (SOL-15)
# Info: Running transformation 'memories' on solution 'StemProcessor.v1': elapsed time 5885.94 seconds, memory usage 2157084kB, peak memory usage 2157084kB (SOL-15)
# Info: Running transformation 'memories' on solution 'StemProcessor.v1': elapsed time 5911.58 seconds, memory usage 2157084kB, peak memory usage 2157084kB (SOL-15)
# Info: Running transformation 'memories' on solution 'StemProcessor.v1': elapsed time 5936.95 seconds, memory usage 2157084kB, peak memory usage 2157084kB (SOL-15)
# Info: Running transformation 'memories' on solution 'StemProcessor.v1': elapsed time 5965.74 seconds, memory usage 2157084kB, peak memory usage 2157084kB (SOL-15)
# Info: Running transformation 'memories' on solution 'StemProcessor.v1': elapsed time 5995.69 seconds, memory usage 2157084kB, peak memory usage 2157084kB (SOL-15)
# Info: Running transformation 'memories' on solution 'StemProcessor.v1': elapsed time 6021.26 seconds, memory usage 2157084kB, peak memory usage 2157084kB (SOL-15)
# Info: Running transformation 'memories' on solution 'StemProcessor.v1': elapsed time 6046.40 seconds, memory usage 2157084kB, peak memory usage 2157084kB (SOL-15)
# Info: Running transformation 'memories' on solution 'StemProcessor.v1': elapsed time 6071.79 seconds, memory usage 2157084kB, peak memory usage 2157084kB (SOL-15)
# Info: Running transformation 'memories' on solution 'StemProcessor.v1': elapsed time 6097.37 seconds, memory usage 2157084kB, peak memory usage 2157084kB (SOL-15)
# Info: Running transformation 'memories' on solution 'StemProcessor.v1': elapsed time 6122.64 seconds, memory usage 2157084kB, peak memory usage 2157084kB (SOL-15)
# Info: Running transformation 'memories' on solution 'StemProcessor.v1': elapsed time 6151.54 seconds, memory usage 2157084kB, peak memory usage 2157084kB (SOL-15)
# Info: Running transformation 'memories' on solution 'StemProcessor.v1': elapsed time 6181.47 seconds, memory usage 2157084kB, peak memory usage 2157084kB (SOL-15)
# Info: Running transformation 'memories' on solution 'StemProcessor.v1': elapsed time 6206.97 seconds, memory usage 2157084kB, peak memory usage 2157084kB (SOL-15)
# Info: Running transformation 'memories' on solution 'StemProcessor.v1': elapsed time 6232.39 seconds, memory usage 2157084kB, peak memory usage 2157084kB (SOL-15)
# Info: Running transformation 'memories' on solution 'StemProcessor.v1': elapsed time 6258.09 seconds, memory usage 2157084kB, peak memory usage 2157084kB (SOL-15)
# Info: Running transformation 'memories' on solution 'StemProcessor.v1': elapsed time 6283.73 seconds, memory usage 2157084kB, peak memory usage 2157084kB (SOL-15)
# Info: Running transformation 'memories' on solution 'StemProcessor.v1': elapsed time 6309.43 seconds, memory usage 2157084kB, peak memory usage 2157084kB (SOL-15)
# Info: Running transformation 'memories' on solution 'StemProcessor.v1': elapsed time 6337.36 seconds, memory usage 2157084kB, peak memory usage 2157084kB (SOL-15)
# Info: Running transformation 'memories' on solution 'StemProcessor.v1': elapsed time 6367.30 seconds, memory usage 2157084kB, peak memory usage 2157084kB (SOL-15)
# Info: Running transformation 'memories' on solution 'StemProcessor.v1': elapsed time 6392.50 seconds, memory usage 2157084kB, peak memory usage 2157084kB (SOL-15)
# Info: Running transformation 'memories' on solution 'StemProcessor.v1': elapsed time 6418.08 seconds, memory usage 2157084kB, peak memory usage 2157084kB (SOL-15)
# Info: Running transformation 'memories' on solution 'StemProcessor.v1': elapsed time 6443.41 seconds, memory usage 2157084kB, peak memory usage 2157084kB (SOL-15)
# Info: Running transformation 'memories' on solution 'StemProcessor.v1': elapsed time 6468.96 seconds, memory usage 2157084kB, peak memory usage 2157084kB (SOL-15)
# Info: Running transformation 'memories' on solution 'StemProcessor.v1': elapsed time 6494.63 seconds, memory usage 1960460kB, peak memory usage 2157084kB (SOL-15)
# Info: Running transformation 'memories' on solution 'StemProcessor.v1': elapsed time 6523.15 seconds, memory usage 1960460kB, peak memory usage 2157084kB (SOL-15)
# Info: Running transformation 'memories' on solution 'StemProcessor.v1': elapsed time 6553.09 seconds, memory usage 1960460kB, peak memory usage 2157084kB (SOL-15)
# Info: Running transformation 'memories' on solution 'StemProcessor.v1': elapsed time 6578.43 seconds, memory usage 1960460kB, peak memory usage 2157084kB (SOL-15)
# Info: Running transformation 'memories' on solution 'StemProcessor.v1': elapsed time 6603.88 seconds, memory usage 1960460kB, peak memory usage 2157084kB (SOL-15)
# Info: Running transformation 'memories' on solution 'StemProcessor.v1': elapsed time 6629.42 seconds, memory usage 1960460kB, peak memory usage 2157084kB (SOL-15)
# Info: Running transformation 'memories' on solution 'StemProcessor.v1': elapsed time 6655.03 seconds, memory usage 1960460kB, peak memory usage 2157084kB (SOL-15)
# Info: Running transformation 'memories' on solution 'StemProcessor.v1': elapsed time 6680.39 seconds, memory usage 1960460kB, peak memory usage 2157084kB (SOL-15)
# Info: Running transformation 'memories' on solution 'StemProcessor.v1': elapsed time 6708.99 seconds, memory usage 1960460kB, peak memory usage 2157084kB (SOL-15)
# Info: Running transformation 'memories' on solution 'StemProcessor.v1': elapsed time 6738.92 seconds, memory usage 1960460kB, peak memory usage 2157084kB (SOL-15)
# Info: Running transformation 'memories' on solution 'StemProcessor.v1': elapsed time 6764.38 seconds, memory usage 1960460kB, peak memory usage 2157084kB (SOL-15)
# Info: Running transformation 'memories' on solution 'StemProcessor.v1': elapsed time 6789.85 seconds, memory usage 1960460kB, peak memory usage 2157084kB (SOL-15)
# Info: Running transformation 'memories' on solution 'StemProcessor.v1': elapsed time 6815.22 seconds, memory usage 1960460kB, peak memory usage 2157084kB (SOL-15)
# Info: Running transformation 'memories' on solution 'StemProcessor.v1': elapsed time 6840.64 seconds, memory usage 1960460kB, peak memory usage 2157084kB (SOL-15)
# Info: Running transformation 'memories' on solution 'StemProcessor.v1': elapsed time 6865.79 seconds, memory usage 1960460kB, peak memory usage 2157084kB (SOL-15)
# Info: Running transformation 'memories' on solution 'StemProcessor.v1': elapsed time 6894.83 seconds, memory usage 1960460kB, peak memory usage 2157084kB (SOL-15)
# Info: Running transformation 'memories' on solution 'StemProcessor.v1': elapsed time 6924.76 seconds, memory usage 1960460kB, peak memory usage 2157084kB (SOL-15)
# Info: Running transformation 'memories' on solution 'StemProcessor.v1': elapsed time 6950.48 seconds, memory usage 1960460kB, peak memory usage 2157084kB (SOL-15)
# Info: Running transformation 'memories' on solution 'StemProcessor.v1': elapsed time 6975.97 seconds, memory usage 1960460kB, peak memory usage 2157084kB (SOL-15)
# Info: Running transformation 'memories' on solution 'StemProcessor.v1': elapsed time 7001.22 seconds, memory usage 1960460kB, peak memory usage 2157084kB (SOL-15)
# Info: Running transformation 'memories' on solution 'StemProcessor.v1': elapsed time 7026.88 seconds, memory usage 1960460kB, peak memory usage 2157084kB (SOL-15)
# Info: Running transformation 'memories' on solution 'StemProcessor.v1': elapsed time 7052.52 seconds, memory usage 1960460kB, peak memory usage 2157084kB (SOL-15)
# Info: Running transformation 'memories' on solution 'StemProcessor.v1': elapsed time 7080.86 seconds, memory usage 1960460kB, peak memory usage 2157084kB (SOL-15)
# Info: Running transformation 'memories' on solution 'StemProcessor.v1': elapsed time 7110.79 seconds, memory usage 1960460kB, peak memory usage 2157084kB (SOL-15)
# Info: Running transformation 'memories' on solution 'StemProcessor.v1': elapsed time 7136.33 seconds, memory usage 1960460kB, peak memory usage 2157084kB (SOL-15)
# Info: Running transformation 'memories' on solution 'StemProcessor.v1': elapsed time 7161.76 seconds, memory usage 1960460kB, peak memory usage 2157084kB (SOL-15)
# Info: Running transformation 'memories' on solution 'StemProcessor.v1': elapsed time 7187.38 seconds, memory usage 1960460kB, peak memory usage 2157084kB (SOL-15)
# Info: Running transformation 'memories' on solution 'StemProcessor.v1': elapsed time 7212.89 seconds, memory usage 1960460kB, peak memory usage 2157084kB (SOL-15)
# Info: Running transformation 'memories' on solution 'StemProcessor.v1': elapsed time 7238.38 seconds, memory usage 1960460kB, peak memory usage 2157084kB (SOL-15)
# Info: Running transformation 'memories' on solution 'StemProcessor.v1': elapsed time 7266.64 seconds, memory usage 1960460kB, peak memory usage 2157084kB (SOL-15)
# Info: Running transformation 'memories' on solution 'StemProcessor.v1': elapsed time 7296.57 seconds, memory usage 1960460kB, peak memory usage 2157084kB (SOL-15)
# Info: Running transformation 'memories' on solution 'StemProcessor.v1': elapsed time 7322.09 seconds, memory usage 1960460kB, peak memory usage 2157084kB (SOL-15)
# Info: Running transformation 'memories' on solution 'StemProcessor.v1': elapsed time 7347.87 seconds, memory usage 1960460kB, peak memory usage 2157084kB (SOL-15)
# Info: Running transformation 'memories' on solution 'StemProcessor.v1': elapsed time 7373.60 seconds, memory usage 1960460kB, peak memory usage 2157084kB (SOL-15)
# Info: Running transformation 'memories' on solution 'StemProcessor.v1': elapsed time 7399.21 seconds, memory usage 1960460kB, peak memory usage 2157084kB (SOL-15)
# Info: Running transformation 'memories' on solution 'StemProcessor.v1': elapsed time 7424.76 seconds, memory usage 1960460kB, peak memory usage 2157084kB (SOL-15)
# Info: Running transformation 'memories' on solution 'StemProcessor.v1': elapsed time 7452.45 seconds, memory usage 1960460kB, peak memory usage 2157084kB (SOL-15)
# Info: Running transformation 'memories' on solution 'StemProcessor.v1': elapsed time 7482.39 seconds, memory usage 1960460kB, peak memory usage 2157084kB (SOL-15)
# Info: Running transformation 'memories' on solution 'StemProcessor.v1': elapsed time 7507.79 seconds, memory usage 1960460kB, peak memory usage 2157084kB (SOL-15)
# Info: Running transformation 'memories' on solution 'StemProcessor.v1': elapsed time 7533.11 seconds, memory usage 1960460kB, peak memory usage 2157084kB (SOL-15)
# Info: Running transformation 'memories' on solution 'StemProcessor.v1': elapsed time 7557.95 seconds, memory usage 1960460kB, peak memory usage 2157084kB (SOL-15)
# Info: Running transformation 'memories' on solution 'StemProcessor.v1': elapsed time 7583.70 seconds, memory usage 1960460kB, peak memory usage 2157084kB (SOL-15)
# Info: Running transformation 'memories' on solution 'StemProcessor.v1': elapsed time 7609.32 seconds, memory usage 1960460kB, peak memory usage 2157084kB (SOL-15)
# Info: Running transformation 'memories' on solution 'StemProcessor.v1': elapsed time 7638.28 seconds, memory usage 1960460kB, peak memory usage 2157084kB (SOL-15)
# Info: Running transformation 'memories' on solution 'StemProcessor.v1': elapsed time 7668.22 seconds, memory usage 1960460kB, peak memory usage 2157084kB (SOL-15)
# Info: Running transformation 'memories' on solution 'StemProcessor.v1': elapsed time 7693.92 seconds, memory usage 1960460kB, peak memory usage 2157084kB (SOL-15)
# Info: Running transformation 'memories' on solution 'StemProcessor.v1': elapsed time 7719.54 seconds, memory usage 1960460kB, peak memory usage 2157084kB (SOL-15)
# Info: Running transformation 'memories' on solution 'StemProcessor.v1': elapsed time 7744.77 seconds, memory usage 1960460kB, peak memory usage 2157084kB (SOL-15)
# Info: Running transformation 'memories' on solution 'StemProcessor.v1': elapsed time 7770.53 seconds, memory usage 1960460kB, peak memory usage 2157084kB (SOL-15)
# Info: Running transformation 'memories' on solution 'StemProcessor.v1': elapsed time 7796.20 seconds, memory usage 1960460kB, peak memory usage 2157084kB (SOL-15)
# Info: Running transformation 'memories' on solution 'StemProcessor.v1': elapsed time 7824.05 seconds, memory usage 1960460kB, peak memory usage 2157084kB (SOL-15)
# Info: Running transformation 'memories' on solution 'StemProcessor.v1': elapsed time 7853.99 seconds, memory usage 1960460kB, peak memory usage 2157084kB (SOL-15)
# Info: Running transformation 'memories' on solution 'StemProcessor.v1': elapsed time 7879.24 seconds, memory usage 1960460kB, peak memory usage 2157084kB (SOL-15)
# Info: Running transformation 'memories' on solution 'StemProcessor.v1': elapsed time 7904.17 seconds, memory usage 1960460kB, peak memory usage 2157084kB (SOL-15)
# Info: Running transformation 'memories' on solution 'StemProcessor.v1': elapsed time 7929.51 seconds, memory usage 1960460kB, peak memory usage 2157084kB (SOL-15)
# Info: Running transformation 'memories' on solution 'StemProcessor.v1': elapsed time 7955.12 seconds, memory usage 1960460kB, peak memory usage 2157084kB (SOL-15)
# Info: Running transformation 'memories' on solution 'StemProcessor.v1': elapsed time 7980.57 seconds, memory usage 1960460kB, peak memory usage 2157084kB (SOL-15)
# Info: Running transformation 'memories' on solution 'StemProcessor.v1': elapsed time 8009.82 seconds, memory usage 1960460kB, peak memory usage 2157084kB (SOL-15)
# Info: Running transformation 'memories' on solution 'StemProcessor.v1': elapsed time 8039.76 seconds, memory usage 1960460kB, peak memory usage 2157084kB (SOL-15)
# Info: Running transformation 'memories' on solution 'StemProcessor.v1': elapsed time 8065.14 seconds, memory usage 1960460kB, peak memory usage 2157084kB (SOL-15)
# Info: Running transformation 'memories' on solution 'StemProcessor.v1': elapsed time 8090.66 seconds, memory usage 1960460kB, peak memory usage 2157084kB (SOL-15)
# Info: Running transformation 'memories' on solution 'StemProcessor.v1': elapsed time 8116.26 seconds, memory usage 1960460kB, peak memory usage 2157084kB (SOL-15)
# Info: Running transformation 'memories' on solution 'StemProcessor.v1': elapsed time 8141.77 seconds, memory usage 1960460kB, peak memory usage 2157084kB (SOL-15)
# Info: Running transformation 'memories' on solution 'StemProcessor.v1': elapsed time 8166.94 seconds, memory usage 1960460kB, peak memory usage 2157084kB (SOL-15)
# Info: Running transformation 'memories' on solution 'StemProcessor.v1': elapsed time 8195.66 seconds, memory usage 1960460kB, peak memory usage 2157084kB (SOL-15)
# Info: Running transformation 'memories' on solution 'StemProcessor.v1': elapsed time 8225.60 seconds, memory usage 2157084kB, peak memory usage 2157084kB (SOL-15)
# Info: Running transformation 'memories' on solution 'StemProcessor.v1': elapsed time 8251.27 seconds, memory usage 2157084kB, peak memory usage 2157084kB (SOL-15)
# Info: Running transformation 'memories' on solution 'StemProcessor.v1': elapsed time 8276.73 seconds, memory usage 2157084kB, peak memory usage 2157084kB (SOL-15)
# Info: Running transformation 'memories' on solution 'StemProcessor.v1': elapsed time 8302.38 seconds, memory usage 2157084kB, peak memory usage 2157084kB (SOL-15)
# Info: Running transformation 'memories' on solution 'StemProcessor.v1': elapsed time 8328.11 seconds, memory usage 2157084kB, peak memory usage 2157084kB (SOL-15)
# Info: Running transformation 'memories' on solution 'StemProcessor.v1': elapsed time 8353.82 seconds, memory usage 2157084kB, peak memory usage 2157084kB (SOL-15)
# Info: Running transformation 'memories' on solution 'StemProcessor.v1': elapsed time 8381.44 seconds, memory usage 2157084kB, peak memory usage 2157084kB (SOL-15)
# Info: Running transformation 'memories' on solution 'StemProcessor.v1': elapsed time 8411.38 seconds, memory usage 2157084kB, peak memory usage 2157084kB (SOL-15)
# Info: Running transformation 'memories' on solution 'StemProcessor.v1': elapsed time 8436.67 seconds, memory usage 2157084kB, peak memory usage 2157084kB (SOL-15)
# Info: Running transformation 'memories' on solution 'StemProcessor.v1': elapsed time 8462.07 seconds, memory usage 2157084kB, peak memory usage 2157084kB (SOL-15)
# Info: Running transformation 'memories' on solution 'StemProcessor.v1': elapsed time 8487.03 seconds, memory usage 2157084kB, peak memory usage 2157084kB (SOL-15)
# Info: Running transformation 'memories' on solution 'StemProcessor.v1': elapsed time 8512.33 seconds, memory usage 2157084kB, peak memory usage 2157084kB (SOL-15)
# Info: Running transformation 'memories' on solution 'StemProcessor.v1': elapsed time 8538.00 seconds, memory usage 2157084kB, peak memory usage 2157084kB (SOL-15)
# Info: Running transformation 'memories' on solution 'StemProcessor.v1': elapsed time 8567.23 seconds, memory usage 2157084kB, peak memory usage 2157084kB (SOL-15)
# Info: Running transformation 'memories' on solution 'StemProcessor.v1': elapsed time 8597.16 seconds, memory usage 2157084kB, peak memory usage 2157084kB (SOL-15)
# Info: Running transformation 'memories' on solution 'StemProcessor.v1': elapsed time 8623.03 seconds, memory usage 2157084kB, peak memory usage 2157084kB (SOL-15)
# Info: Running transformation 'memories' on solution 'StemProcessor.v1': elapsed time 8648.54 seconds, memory usage 2157084kB, peak memory usage 2157084kB (SOL-15)
# Info: Running transformation 'memories' on solution 'StemProcessor.v1': elapsed time 8674.06 seconds, memory usage 2157084kB, peak memory usage 2157084kB (SOL-15)
# Info: Running transformation 'memories' on solution 'StemProcessor.v1': elapsed time 8699.59 seconds, memory usage 2157084kB, peak memory usage 2157084kB (SOL-15)
# Info: Running transformation 'memories' on solution 'StemProcessor.v1': elapsed time 8725.12 seconds, memory usage 2157084kB, peak memory usage 2157084kB (SOL-15)
# Info: Running transformation 'memories' on solution 'StemProcessor.v1': elapsed time 8753.13 seconds, memory usage 2157084kB, peak memory usage 2157084kB (SOL-15)
# Info: Running transformation 'memories' on solution 'StemProcessor.v1': elapsed time 8783.07 seconds, memory usage 2157084kB, peak memory usage 2157084kB (SOL-15)
# Info: Running transformation 'memories' on solution 'StemProcessor.v1': elapsed time 8808.53 seconds, memory usage 2157084kB, peak memory usage 2157084kB (SOL-15)
# Info: Running transformation 'memories' on solution 'StemProcessor.v1': elapsed time 8834.06 seconds, memory usage 2157084kB, peak memory usage 2157084kB (SOL-15)
# Info: Running transformation 'memories' on solution 'StemProcessor.v1': elapsed time 8859.52 seconds, memory usage 2157084kB, peak memory usage 2157084kB (SOL-15)
# Info: Running transformation 'memories' on solution 'StemProcessor.v1': elapsed time 8885.04 seconds, memory usage 2157084kB, peak memory usage 2157084kB (SOL-15)
# Info: Running transformation 'memories' on solution 'StemProcessor.v1': elapsed time 8910.67 seconds, memory usage 2157084kB, peak memory usage 2157084kB (SOL-15)
# Info: Running transformation 'memories' on solution 'StemProcessor.v1': elapsed time 8938.91 seconds, memory usage 2157084kB, peak memory usage 2157084kB (SOL-15)
# Info: Running transformation 'memories' on solution 'StemProcessor.v1': elapsed time 8968.85 seconds, memory usage 2157084kB, peak memory usage 2157084kB (SOL-15)
# Info: Running transformation 'memories' on solution 'StemProcessor.v1': elapsed time 8994.32 seconds, memory usage 2157084kB, peak memory usage 2157084kB (SOL-15)
# Info: Running transformation 'memories' on solution 'StemProcessor.v1': elapsed time 9019.73 seconds, memory usage 2157084kB, peak memory usage 2157084kB (SOL-15)
# Info: Running transformation 'memories' on solution 'StemProcessor.v1': elapsed time 9045.17 seconds, memory usage 2157084kB, peak memory usage 2157084kB (SOL-15)
# Info: Running transformation 'memories' on solution 'StemProcessor.v1': elapsed time 9070.63 seconds, memory usage 2157084kB, peak memory usage 2157084kB (SOL-15)
# Info: Running transformation 'memories' on solution 'StemProcessor.v1': elapsed time 9096.02 seconds, memory usage 2157084kB, peak memory usage 2157084kB (SOL-15)
# Info: Running transformation 'memories' on solution 'StemProcessor.v1': elapsed time 9124.63 seconds, memory usage 2157084kB, peak memory usage 2157084kB (SOL-15)
# Info: Running transformation 'memories' on solution 'StemProcessor.v1': elapsed time 9154.56 seconds, memory usage 2157084kB, peak memory usage 2157084kB (SOL-15)
# Info: Running transformation 'memories' on solution 'StemProcessor.v1': elapsed time 9180.03 seconds, memory usage 2157084kB, peak memory usage 2157084kB (SOL-15)
# Info: Running transformation 'memories' on solution 'StemProcessor.v1': elapsed time 9205.42 seconds, memory usage 2157084kB, peak memory usage 2157084kB (SOL-15)
# Info: Running transformation 'memories' on solution 'StemProcessor.v1': elapsed time 9230.96 seconds, memory usage 2157084kB, peak memory usage 2157084kB (SOL-15)
# Info: Running transformation 'memories' on solution 'StemProcessor.v1': elapsed time 9256.48 seconds, memory usage 2157084kB, peak memory usage 2157084kB (SOL-15)
# Info: Running transformation 'memories' on solution 'StemProcessor.v1': elapsed time 9282.20 seconds, memory usage 2157084kB, peak memory usage 2157084kB (SOL-15)
# Info: Running transformation 'memories' on solution 'StemProcessor.v1': elapsed time 9310.38 seconds, memory usage 2157084kB, peak memory usage 2157084kB (SOL-15)
# Info: Running transformation 'memories' on solution 'StemProcessor.v1': elapsed time 9340.32 seconds, memory usage 2091540kB, peak memory usage 2157084kB (SOL-15)
# Info: Running transformation 'memories' on solution 'StemProcessor.v1': elapsed time 9365.81 seconds, memory usage 2091540kB, peak memory usage 2157084kB (SOL-15)
# Info: Running transformation 'memories' on solution 'StemProcessor.v1': elapsed time 9391.12 seconds, memory usage 2091540kB, peak memory usage 2157084kB (SOL-15)
# Info: Running transformation 'memories' on solution 'StemProcessor.v1': elapsed time 9416.76 seconds, memory usage 2091540kB, peak memory usage 2157084kB (SOL-15)
# Info: Running transformation 'memories' on solution 'StemProcessor.v1': elapsed time 9442.39 seconds, memory usage 2091540kB, peak memory usage 2157084kB (SOL-15)
# Info: Running transformation 'memories' on solution 'StemProcessor.v1': elapsed time 9467.99 seconds, memory usage 2091540kB, peak memory usage 2157084kB (SOL-15)
# Info: Running transformation 'memories' on solution 'StemProcessor.v1': elapsed time 9496.28 seconds, memory usage 2091540kB, peak memory usage 2157084kB (SOL-15)
# Info: Running transformation 'memories' on solution 'StemProcessor.v1': elapsed time 9526.22 seconds, memory usage 2091540kB, peak memory usage 2157084kB (SOL-15)
# Info: Running transformation 'memories' on solution 'StemProcessor.v1': elapsed time 9551.94 seconds, memory usage 2091540kB, peak memory usage 2157084kB (SOL-15)
# Info: Running transformation 'memories' on solution 'StemProcessor.v1': elapsed time 9577.73 seconds, memory usage 2091540kB, peak memory usage 2157084kB (SOL-15)
# Info: Running transformation 'memories' on solution 'StemProcessor.v1': elapsed time 9603.17 seconds, memory usage 2091540kB, peak memory usage 2157084kB (SOL-15)
# Info: Running transformation 'memories' on solution 'StemProcessor.v1': elapsed time 9628.83 seconds, memory usage 2091540kB, peak memory usage 2157084kB (SOL-15)
# Info: Running transformation 'memories' on solution 'StemProcessor.v1': elapsed time 9654.53 seconds, memory usage 2091540kB, peak memory usage 2157084kB (SOL-15)
# Info: Running transformation 'memories' on solution 'StemProcessor.v1': elapsed time 9682.05 seconds, memory usage 2091540kB, peak memory usage 2157084kB (SOL-15)
# Info: Running transformation 'memories' on solution 'StemProcessor.v1': elapsed time 9711.98 seconds, memory usage 2091540kB, peak memory usage 2157084kB (SOL-15)
# Info: Running transformation 'memories' on solution 'StemProcessor.v1': elapsed time 9737.73 seconds, memory usage 2091540kB, peak memory usage 2157084kB (SOL-15)
# Info: Running transformation 'memories' on solution 'StemProcessor.v1': elapsed time 9763.29 seconds, memory usage 2091540kB, peak memory usage 2157084kB (SOL-15)
# Info: Running transformation 'memories' on solution 'StemProcessor.v1': elapsed time 9788.81 seconds, memory usage 2091540kB, peak memory usage 2157084kB (SOL-15)
# Info: Running transformation 'memories' on solution 'StemProcessor.v1': elapsed time 9814.53 seconds, memory usage 2091540kB, peak memory usage 2157084kB (SOL-15)
# Info: Running transformation 'memories' on solution 'StemProcessor.v1': elapsed time 9840.21 seconds, memory usage 2091540kB, peak memory usage 2157084kB (SOL-15)
# Info: Running transformation 'memories' on solution 'StemProcessor.v1': elapsed time 9867.82 seconds, memory usage 2091540kB, peak memory usage 2157084kB (SOL-15)
# Info: Running transformation 'memories' on solution 'StemProcessor.v1': elapsed time 9897.77 seconds, memory usage 2091540kB, peak memory usage 2157084kB (SOL-15)
# Info: Running transformation 'memories' on solution 'StemProcessor.v1': elapsed time 9923.49 seconds, memory usage 2091540kB, peak memory usage 2157084kB (SOL-15)
# Info: Running transformation 'memories' on solution 'StemProcessor.v1': elapsed time 9948.94 seconds, memory usage 2091540kB, peak memory usage 2157084kB (SOL-15)
# Info: Running transformation 'memories' on solution 'StemProcessor.v1': elapsed time 9974.61 seconds, memory usage 2091540kB, peak memory usage 2157084kB (SOL-15)
# Info: Running transformation 'memories' on solution 'StemProcessor.v1': elapsed time 10000.18 seconds, memory usage 2091540kB, peak memory usage 2157084kB (SOL-15)
# Info: Running transformation 'memories' on solution 'StemProcessor.v1': elapsed time 10025.51 seconds, memory usage 2091540kB, peak memory usage 2157084kB (SOL-15)
# Info: Running transformation 'memories' on solution 'StemProcessor.v1': elapsed time 10053.62 seconds, memory usage 2091540kB, peak memory usage 2157084kB (SOL-15)
# Info: Running transformation 'memories' on solution 'StemProcessor.v1': elapsed time 10083.56 seconds, memory usage 2091540kB, peak memory usage 2157084kB (SOL-15)
# Info: Running transformation 'memories' on solution 'StemProcessor.v1': elapsed time 10108.96 seconds, memory usage 2091540kB, peak memory usage 2157084kB (SOL-15)
# Info: Running transformation 'memories' on solution 'StemProcessor.v1': elapsed time 10134.45 seconds, memory usage 2091540kB, peak memory usage 2157084kB (SOL-15)
# Info: Running transformation 'memories' on solution 'StemProcessor.v1': elapsed time 10159.47 seconds, memory usage 2091540kB, peak memory usage 2157084kB (SOL-15)
# Info: Running transformation 'memories' on solution 'StemProcessor.v1': elapsed time 10184.96 seconds, memory usage 2091540kB, peak memory usage 2157084kB (SOL-15)
# Info: Running transformation 'memories' on solution 'StemProcessor.v1': elapsed time 10210.48 seconds, memory usage 2091540kB, peak memory usage 2157084kB (SOL-15)
# Info: Running transformation 'memories' on solution 'StemProcessor.v1': elapsed time 10239.62 seconds, memory usage 2091540kB, peak memory usage 2157084kB (SOL-15)
# Info: Running transformation 'memories' on solution 'StemProcessor.v1': elapsed time 10269.55 seconds, memory usage 2091540kB, peak memory usage 2157084kB (SOL-15)
# Info: Running transformation 'memories' on solution 'StemProcessor.v1': elapsed time 10294.84 seconds, memory usage 2091540kB, peak memory usage 2157084kB (SOL-15)
# Info: Running transformation 'memories' on solution 'StemProcessor.v1': elapsed time 10320.10 seconds, memory usage 2091540kB, peak memory usage 2157084kB (SOL-15)
# Info: Running transformation 'memories' on solution 'StemProcessor.v1': elapsed time 10345.70 seconds, memory usage 2091540kB, peak memory usage 2157084kB (SOL-15)
# Info: Running transformation 'memories' on solution 'StemProcessor.v1': elapsed time 10371.33 seconds, memory usage 2091540kB, peak memory usage 2157084kB (SOL-15)
# Info: Running transformation 'memories' on solution 'StemProcessor.v1': elapsed time 10396.95 seconds, memory usage 2091540kB, peak memory usage 2157084kB (SOL-15)
# Info: Running transformation 'memories' on solution 'StemProcessor.v1': elapsed time 10425.31 seconds, memory usage 2091540kB, peak memory usage 2157084kB (SOL-15)
# Info: Running transformation 'memories' on solution 'StemProcessor.v1': elapsed time 10455.25 seconds, memory usage 2091540kB, peak memory usage 2157084kB (SOL-15)
# Info: Running transformation 'memories' on solution 'StemProcessor.v1': elapsed time 10480.87 seconds, memory usage 2091540kB, peak memory usage 2157084kB (SOL-15)
# Info: Running transformation 'memories' on solution 'StemProcessor.v1': elapsed time 10505.99 seconds, memory usage 2091540kB, peak memory usage 2157084kB (SOL-15)
# Info: Running transformation 'memories' on solution 'StemProcessor.v1': elapsed time 10531.15 seconds, memory usage 2091540kB, peak memory usage 2157084kB (SOL-15)
# Info: Running transformation 'memories' on solution 'StemProcessor.v1': elapsed time 10556.71 seconds, memory usage 2091540kB, peak memory usage 2157084kB (SOL-15)
# Info: Running transformation 'memories' on solution 'StemProcessor.v1': elapsed time 10582.11 seconds, memory usage 2091540kB, peak memory usage 2157084kB (SOL-15)
# Info: Running transformation 'memories' on solution 'StemProcessor.v1': elapsed time 10611.10 seconds, memory usage 2091540kB, peak memory usage 2157084kB (SOL-15)
# Info: Running transformation 'memories' on solution 'StemProcessor.v1': elapsed time 10641.04 seconds, memory usage 2091540kB, peak memory usage 2157084kB (SOL-15)
# Info: Running transformation 'memories' on solution 'StemProcessor.v1': elapsed time 10666.61 seconds, memory usage 2091540kB, peak memory usage 2157084kB (SOL-15)
# Info: Running transformation 'memories' on solution 'StemProcessor.v1': elapsed time 10691.98 seconds, memory usage 2091540kB, peak memory usage 2157084kB (SOL-15)
# Info: Running transformation 'memories' on solution 'StemProcessor.v1': elapsed time 10717.54 seconds, memory usage 2091540kB, peak memory usage 2157084kB (SOL-15)
# Info: Running transformation 'memories' on solution 'StemProcessor.v1': elapsed time 10743.07 seconds, memory usage 2091540kB, peak memory usage 2157084kB (SOL-15)
# Info: Running transformation 'memories' on solution 'StemProcessor.v1': elapsed time 10768.61 seconds, memory usage 2091540kB, peak memory usage 2157084kB (SOL-15)
# Info: Running transformation 'memories' on solution 'StemProcessor.v1': elapsed time 10796.88 seconds, memory usage 2091540kB, peak memory usage 2157084kB (SOL-15)
# Info: Running transformation 'memories' on solution 'StemProcessor.v1': elapsed time 10826.82 seconds, memory usage 2091540kB, peak memory usage 2157084kB (SOL-15)
# Info: Running transformation 'memories' on solution 'StemProcessor.v1': elapsed time 10852.22 seconds, memory usage 2091540kB, peak memory usage 2157084kB (SOL-15)
# Info: Running transformation 'memories' on solution 'StemProcessor.v1': elapsed time 10877.43 seconds, memory usage 2091540kB, peak memory usage 2157084kB (SOL-15)
# Info: Running transformation 'memories' on solution 'StemProcessor.v1': elapsed time 10903.02 seconds, memory usage 2091540kB, peak memory usage 2157084kB (SOL-15)
# Info: Running transformation 'memories' on solution 'StemProcessor.v1': elapsed time 10928.38 seconds, memory usage 2091540kB, peak memory usage 2157084kB (SOL-15)
# Info: Running transformation 'memories' on solution 'StemProcessor.v1': elapsed time 10954.10 seconds, memory usage 2091540kB, peak memory usage 2157084kB (SOL-15)
# Info: Running transformation 'memories' on solution 'StemProcessor.v1': elapsed time 10982.68 seconds, memory usage 2091540kB, peak memory usage 2157084kB (SOL-15)
# Info: Running transformation 'memories' on solution 'StemProcessor.v1': elapsed time 11012.62 seconds, memory usage 2091540kB, peak memory usage 2157084kB (SOL-15)
# Info: Running transformation 'memories' on solution 'StemProcessor.v1': elapsed time 11038.08 seconds, memory usage 2091540kB, peak memory usage 2157084kB (SOL-15)
# Info: Running transformation 'memories' on solution 'StemProcessor.v1': elapsed time 11063.83 seconds, memory usage 2091540kB, peak memory usage 2157084kB (SOL-15)
# Info: Running transformation 'memories' on solution 'StemProcessor.v1': elapsed time 11089.52 seconds, memory usage 2091540kB, peak memory usage 2157084kB (SOL-15)
# Info: Running transformation 'memories' on solution 'StemProcessor.v1': elapsed time 11114.94 seconds, memory usage 2091540kB, peak memory usage 2157084kB (SOL-15)
# Info: Running transformation 'memories' on solution 'StemProcessor.v1': elapsed time 11140.72 seconds, memory usage 2091540kB, peak memory usage 2157084kB (SOL-15)
# Info: Running transformation 'memories' on solution 'StemProcessor.v1': elapsed time 11168.55 seconds, memory usage 2091540kB, peak memory usage 2157084kB (SOL-15)
# Info: Running transformation 'memories' on solution 'StemProcessor.v1': elapsed time 11198.49 seconds, memory usage 2091540kB, peak memory usage 2157084kB (SOL-15)
# Info: Running transformation 'memories' on solution 'StemProcessor.v1': elapsed time 11224.15 seconds, memory usage 2091540kB, peak memory usage 2157084kB (SOL-15)
# Info: Running transformation 'memories' on solution 'StemProcessor.v1': elapsed time 11249.90 seconds, memory usage 2091540kB, peak memory usage 2157084kB (SOL-15)
# Info: Running transformation 'memories' on solution 'StemProcessor.v1': elapsed time 11275.21 seconds, memory usage 2091540kB, peak memory usage 2157084kB (SOL-15)
# Info: Running transformation 'memories' on solution 'StemProcessor.v1': elapsed time 11300.73 seconds, memory usage 2091540kB, peak memory usage 2157084kB (SOL-15)
# Info: Running transformation 'memories' on solution 'StemProcessor.v1': elapsed time 11326.32 seconds, memory usage 2091540kB, peak memory usage 2157084kB (SOL-15)
# Info: Running transformation 'memories' on solution 'StemProcessor.v1': elapsed time 11354.35 seconds, memory usage 2091540kB, peak memory usage 2157084kB (SOL-15)
# Info: Running transformation 'memories' on solution 'StemProcessor.v1': elapsed time 11384.29 seconds, memory usage 2091540kB, peak memory usage 2157084kB (SOL-15)
# Info: Running transformation 'memories' on solution 'StemProcessor.v1': elapsed time 11410.03 seconds, memory usage 2091540kB, peak memory usage 2157084kB (SOL-15)
# Info: Running transformation 'memories' on solution 'StemProcessor.v1': elapsed time 11435.58 seconds, memory usage 2091540kB, peak memory usage 2157084kB (SOL-15)
# Info: Running transformation 'memories' on solution 'StemProcessor.v1': elapsed time 11461.14 seconds, memory usage 2091540kB, peak memory usage 2157084kB (SOL-15)
# Info: Running transformation 'memories' on solution 'StemProcessor.v1': elapsed time 11486.53 seconds, memory usage 2091540kB, peak memory usage 2157084kB (SOL-15)
# Info: Running transformation 'memories' on solution 'StemProcessor.v1': elapsed time 11512.15 seconds, memory usage 2091540kB, peak memory usage 2157084kB (SOL-15)
# Info: Running transformation 'memories' on solution 'StemProcessor.v1': elapsed time 11540.44 seconds, memory usage 2091540kB, peak memory usage 2157084kB (SOL-15)
# Info: Running transformation 'memories' on solution 'StemProcessor.v1': elapsed time 11570.39 seconds, memory usage 2091540kB, peak memory usage 2157084kB (SOL-15)
# Info: Running transformation 'memories' on solution 'StemProcessor.v1': elapsed time 11595.91 seconds, memory usage 2091540kB, peak memory usage 2157084kB (SOL-15)
# Info: Running transformation 'memories' on solution 'StemProcessor.v1': elapsed time 11621.52 seconds, memory usage 2091540kB, peak memory usage 2157084kB (SOL-15)
# Info: Running transformation 'memories' on solution 'StemProcessor.v1': elapsed time 11647.21 seconds, memory usage 2091540kB, peak memory usage 2157084kB (SOL-15)
# Info: Running transformation 'memories' on solution 'StemProcessor.v1': elapsed time 11672.81 seconds, memory usage 2091540kB, peak memory usage 2157084kB (SOL-15)
# Info: Running transformation 'memories' on solution 'StemProcessor.v1': elapsed time 11698.23 seconds, memory usage 2091540kB, peak memory usage 2157084kB (SOL-15)
# Info: Running transformation 'memories' on solution 'StemProcessor.v1': elapsed time 11726.24 seconds, memory usage 2091540kB, peak memory usage 2157084kB (SOL-15)
# Info: Running transformation 'memories' on solution 'StemProcessor.v1': elapsed time 11756.17 seconds, memory usage 2091540kB, peak memory usage 2157084kB (SOL-15)
# Info: Running transformation 'memories' on solution 'StemProcessor.v1': elapsed time 11781.82 seconds, memory usage 2091540kB, peak memory usage 2157084kB (SOL-15)
# Info: Running transformation 'memories' on solution 'StemProcessor.v1': elapsed time 11807.42 seconds, memory usage 2091540kB, peak memory usage 2157084kB (SOL-15)
# Info: Running transformation 'memories' on solution 'StemProcessor.v1': elapsed time 11832.83 seconds, memory usage 2091540kB, peak memory usage 2157084kB (SOL-15)
# Info: Running transformation 'memories' on solution 'StemProcessor.v1': elapsed time 11857.89 seconds, memory usage 2091540kB, peak memory usage 2157084kB (SOL-15)
# Info: Running transformation 'memories' on solution 'StemProcessor.v1': elapsed time 11883.59 seconds, memory usage 2091540kB, peak memory usage 2157084kB (SOL-15)
# Info: Running transformation 'memories' on solution 'StemProcessor.v1': elapsed time 11912.04 seconds, memory usage 2091540kB, peak memory usage 2157084kB (SOL-15)
# Info: Running transformation 'memories' on solution 'StemProcessor.v1': elapsed time 11941.97 seconds, memory usage 2091540kB, peak memory usage 2157084kB (SOL-15)
# Info: Running transformation 'memories' on solution 'StemProcessor.v1': elapsed time 11967.19 seconds, memory usage 2091540kB, peak memory usage 2157084kB (SOL-15)
# Info: Running transformation 'memories' on solution 'StemProcessor.v1': elapsed time 11992.52 seconds, memory usage 2091540kB, peak memory usage 2157084kB (SOL-15)
# Info: Running transformation 'memories' on solution 'StemProcessor.v1': elapsed time 12018.16 seconds, memory usage 2091540kB, peak memory usage 2157084kB (SOL-15)
# Info: Running transformation 'memories' on solution 'StemProcessor.v1': elapsed time 12043.74 seconds, memory usage 2091540kB, peak memory usage 2157084kB (SOL-15)
# Info: Running transformation 'memories' on solution 'StemProcessor.v1': elapsed time 12069.38 seconds, memory usage 2091540kB, peak memory usage 2157084kB (SOL-15)
# Info: Running transformation 'memories' on solution 'StemProcessor.v1': elapsed time 12098.61 seconds, memory usage 2091540kB, peak memory usage 2157084kB (SOL-15)
# Info: Running transformation 'memories' on solution 'StemProcessor.v1': elapsed time 12128.54 seconds, memory usage 2091540kB, peak memory usage 2157084kB (SOL-15)
# Info: Running transformation 'memories' on solution 'StemProcessor.v1': elapsed time 12154.33 seconds, memory usage 2091540kB, peak memory usage 2157084kB (SOL-15)
# Info: Running transformation 'memories' on solution 'StemProcessor.v1': elapsed time 12180.07 seconds, memory usage 2091540kB, peak memory usage 2157084kB (SOL-15)
# Info: Running transformation 'memories' on solution 'StemProcessor.v1': elapsed time 12205.64 seconds, memory usage 2091540kB, peak memory usage 2157084kB (SOL-15)
# Info: Running transformation 'memories' on solution 'StemProcessor.v1': elapsed time 12231.39 seconds, memory usage 2091540kB, peak memory usage 2157084kB (SOL-15)
# Info: Running transformation 'memories' on solution 'StemProcessor.v1': elapsed time 12257.03 seconds, memory usage 2091540kB, peak memory usage 2157084kB (SOL-15)
# Info: Running transformation 'memories' on solution 'StemProcessor.v1': elapsed time 12284.43 seconds, memory usage 2091540kB, peak memory usage 2157084kB (SOL-15)
# Info: Running transformation 'memories' on solution 'StemProcessor.v1': elapsed time 12314.38 seconds, memory usage 2091540kB, peak memory usage 2157084kB (SOL-15)
# Info: Running transformation 'memories' on solution 'StemProcessor.v1': elapsed time 12339.74 seconds, memory usage 2091540kB, peak memory usage 2157084kB (SOL-15)
# Info: Running transformation 'memories' on solution 'StemProcessor.v1': elapsed time 12365.15 seconds, memory usage 2091540kB, peak memory usage 2157084kB (SOL-15)
# Info: Running transformation 'memories' on solution 'StemProcessor.v1': elapsed time 12390.76 seconds, memory usage 2091540kB, peak memory usage 2157084kB (SOL-15)
# Info: Running transformation 'memories' on solution 'StemProcessor.v1': elapsed time 12415.90 seconds, memory usage 2091540kB, peak memory usage 2157084kB (SOL-15)
# Info: Running transformation 'memories' on solution 'StemProcessor.v1': elapsed time 12441.26 seconds, memory usage 2091540kB, peak memory usage 2157084kB (SOL-15)
# Info: Running transformation 'memories' on solution 'StemProcessor.v1': elapsed time 12470.31 seconds, memory usage 2091540kB, peak memory usage 2157084kB (SOL-15)
# Info: Running transformation 'memories' on solution 'StemProcessor.v1': elapsed time 12500.24 seconds, memory usage 2091540kB, peak memory usage 2157084kB (SOL-15)
# Info: Running transformation 'memories' on solution 'StemProcessor.v1': elapsed time 12525.76 seconds, memory usage 2091540kB, peak memory usage 2157084kB (SOL-15)
# Info: Running transformation 'memories' on solution 'StemProcessor.v1': elapsed time 12551.25 seconds, memory usage 2091540kB, peak memory usage 2157084kB (SOL-15)
# Info: Running transformation 'memories' on solution 'StemProcessor.v1': elapsed time 12576.44 seconds, memory usage 2091540kB, peak memory usage 2157084kB (SOL-15)
# Info: Running transformation 'memories' on solution 'StemProcessor.v1': elapsed time 12601.74 seconds, memory usage 2091540kB, peak memory usage 2157084kB (SOL-15)
# Info: Running transformation 'memories' on solution 'StemProcessor.v1': elapsed time 12627.21 seconds, memory usage 2091540kB, peak memory usage 2157084kB (SOL-15)
# Info: Running transformation 'memories' on solution 'StemProcessor.v1': elapsed time 12656.07 seconds, memory usage 2091540kB, peak memory usage 2157084kB (SOL-15)
# Info: Running transformation 'memories' on solution 'StemProcessor.v1': elapsed time 12686.02 seconds, memory usage 2091540kB, peak memory usage 2157084kB (SOL-15)
# Info: Running transformation 'memories' on solution 'StemProcessor.v1': elapsed time 12711.63 seconds, memory usage 2091540kB, peak memory usage 2157084kB (SOL-15)
# Info: Running transformation 'memories' on solution 'StemProcessor.v1': elapsed time 12736.51 seconds, memory usage 2091540kB, peak memory usage 2157084kB (SOL-15)
# Info: Running transformation 'memories' on solution 'StemProcessor.v1': elapsed time 12762.21 seconds, memory usage 2091540kB, peak memory usage 2157084kB (SOL-15)
# Info: Running transformation 'memories' on solution 'StemProcessor.v1': elapsed time 12787.73 seconds, memory usage 2091540kB, peak memory usage 2157084kB (SOL-15)
# Info: Running transformation 'memories' on solution 'StemProcessor.v1': elapsed time 12813.38 seconds, memory usage 2091540kB, peak memory usage 2157084kB (SOL-15)
# Info: Running transformation 'memories' on solution 'StemProcessor.v1': elapsed time 12841.84 seconds, memory usage 2091540kB, peak memory usage 2157084kB (SOL-15)
# Info: Running transformation 'memories' on solution 'StemProcessor.v1': elapsed time 12871.78 seconds, memory usage 2091540kB, peak memory usage 2157084kB (SOL-15)
# Info: Running transformation 'memories' on solution 'StemProcessor.v1': elapsed time 12897.42 seconds, memory usage 2091540kB, peak memory usage 2157084kB (SOL-15)
# Info: Running transformation 'memories' on solution 'StemProcessor.v1': elapsed time 12922.65 seconds, memory usage 2091540kB, peak memory usage 2157084kB (SOL-15)
# Info: Running transformation 'memories' on solution 'StemProcessor.v1': elapsed time 12948.29 seconds, memory usage 2091540kB, peak memory usage 2157084kB (SOL-15)
# Info: Running transformation 'memories' on solution 'StemProcessor.v1': elapsed time 12973.90 seconds, memory usage 2091540kB, peak memory usage 2157084kB (SOL-15)
# Info: Running transformation 'memories' on solution 'StemProcessor.v1': elapsed time 12999.48 seconds, memory usage 2091540kB, peak memory usage 2157084kB (SOL-15)
# Info: Running transformation 'memories' on solution 'StemProcessor.v1': elapsed time 13027.57 seconds, memory usage 2091540kB, peak memory usage 2157084kB (SOL-15)
# Info: Running transformation 'memories' on solution 'StemProcessor.v1': elapsed time 13057.51 seconds, memory usage 2091540kB, peak memory usage 2157084kB (SOL-15)
# Info: Running transformation 'memories' on solution 'StemProcessor.v1': elapsed time 13082.80 seconds, memory usage 2091540kB, peak memory usage 2157084kB (SOL-15)
# Info: Running transformation 'memories' on solution 'StemProcessor.v1': elapsed time 13108.36 seconds, memory usage 2091540kB, peak memory usage 2157084kB (SOL-15)
# Info: Running transformation 'memories' on solution 'StemProcessor.v1': elapsed time 13133.71 seconds, memory usage 2091540kB, peak memory usage 2157084kB (SOL-15)
# Info: Running transformation 'memories' on solution 'StemProcessor.v1': elapsed time 13159.33 seconds, memory usage 2091540kB, peak memory usage 2157084kB (SOL-15)
# Info: Running transformation 'memories' on solution 'StemProcessor.v1': elapsed time 13185.02 seconds, memory usage 2091540kB, peak memory usage 2157084kB (SOL-15)
# Info: Running transformation 'memories' on solution 'StemProcessor.v1': elapsed time 13213.37 seconds, memory usage 2091540kB, peak memory usage 2157084kB (SOL-15)
# Info: Running transformation 'memories' on solution 'StemProcessor.v1': elapsed time 13243.31 seconds, memory usage 2091540kB, peak memory usage 2157084kB (SOL-15)
# Info: Running transformation 'memories' on solution 'StemProcessor.v1': elapsed time 13268.88 seconds, memory usage 2091540kB, peak memory usage 2157084kB (SOL-15)
# Info: Running transformation 'memories' on solution 'StemProcessor.v1': elapsed time 13294.24 seconds, memory usage 2091540kB, peak memory usage 2157084kB (SOL-15)
# Info: Running transformation 'memories' on solution 'StemProcessor.v1': elapsed time 13319.48 seconds, memory usage 2091540kB, peak memory usage 2157084kB (SOL-15)
# Info: Running transformation 'memories' on solution 'StemProcessor.v1': elapsed time 13344.97 seconds, memory usage 2091540kB, peak memory usage 2157084kB (SOL-15)
# Info: Running transformation 'memories' on solution 'StemProcessor.v1': elapsed time 13370.50 seconds, memory usage 2091540kB, peak memory usage 2157084kB (SOL-15)
# Info: Running transformation 'memories' on solution 'StemProcessor.v1': elapsed time 13399.20 seconds, memory usage 2091540kB, peak memory usage 2157084kB (SOL-15)
# Info: Running transformation 'memories' on solution 'StemProcessor.v1': elapsed time 13429.14 seconds, memory usage 2091540kB, peak memory usage 2157084kB (SOL-15)
# Info: Running transformation 'memories' on solution 'StemProcessor.v1': elapsed time 13454.72 seconds, memory usage 2091540kB, peak memory usage 2157084kB (SOL-15)
# Info: Running transformation 'memories' on solution 'StemProcessor.v1': elapsed time 13480.39 seconds, memory usage 2091540kB, peak memory usage 2157084kB (SOL-15)
# Info: Running transformation 'memories' on solution 'StemProcessor.v1': elapsed time 13505.98 seconds, memory usage 2091540kB, peak memory usage 2157084kB (SOL-15)
# Info: Running transformation 'memories' on solution 'StemProcessor.v1': elapsed time 13531.34 seconds, memory usage 2091540kB, peak memory usage 2157084kB (SOL-15)
# Info: Running transformation 'memories' on solution 'StemProcessor.v1': elapsed time 13556.73 seconds, memory usage 2091540kB, peak memory usage 2157084kB (SOL-15)
# Info: Running transformation 'memories' on solution 'StemProcessor.v1': elapsed time 13584.91 seconds, memory usage 2091540kB, peak memory usage 2157084kB (SOL-15)
# Info: Running transformation 'memories' on solution 'StemProcessor.v1': elapsed time 13614.85 seconds, memory usage 2091540kB, peak memory usage 2157084kB (SOL-15)
# Info: Running transformation 'memories' on solution 'StemProcessor.v1': elapsed time 13640.41 seconds, memory usage 2091540kB, peak memory usage 2157084kB (SOL-15)
# Info: Running transformation 'memories' on solution 'StemProcessor.v1': elapsed time 13666.23 seconds, memory usage 2091540kB, peak memory usage 2157084kB (SOL-15)
# Info: Running transformation 'memories' on solution 'StemProcessor.v1': elapsed time 13691.34 seconds, memory usage 2091540kB, peak memory usage 2157084kB (SOL-15)
# Info: Running transformation 'memories' on solution 'StemProcessor.v1': elapsed time 13716.66 seconds, memory usage 2091540kB, peak memory usage 2157084kB (SOL-15)
# Info: Running transformation 'memories' on solution 'StemProcessor.v1': elapsed time 13742.28 seconds, memory usage 2091540kB, peak memory usage 2157084kB (SOL-15)
# Info: Running transformation 'memories' on solution 'StemProcessor.v1': elapsed time 13770.70 seconds, memory usage 2091540kB, peak memory usage 2157084kB (SOL-15)
# Info: Running transformation 'memories' on solution 'StemProcessor.v1': elapsed time 13800.64 seconds, memory usage 2091540kB, peak memory usage 2157084kB (SOL-15)
# Info: Running transformation 'memories' on solution 'StemProcessor.v1': elapsed time 13825.81 seconds, memory usage 2091540kB, peak memory usage 2157084kB (SOL-15)
# Info: Running transformation 'memories' on solution 'StemProcessor.v1': elapsed time 13851.44 seconds, memory usage 2091540kB, peak memory usage 2157084kB (SOL-15)
# Info: Running transformation 'memories' on solution 'StemProcessor.v1': elapsed time 13876.69 seconds, memory usage 2091540kB, peak memory usage 2157084kB (SOL-15)
# Info: Running transformation 'memories' on solution 'StemProcessor.v1': elapsed time 13902.39 seconds, memory usage 2091540kB, peak memory usage 2157084kB (SOL-15)
# Info: Running transformation 'memories' on solution 'StemProcessor.v1': elapsed time 13928.03 seconds, memory usage 2091540kB, peak memory usage 2157084kB (SOL-15)
# Info: Running transformation 'memories' on solution 'StemProcessor.v1': elapsed time 13956.52 seconds, memory usage 2091540kB, peak memory usage 2157084kB (SOL-15)
# Info: Running transformation 'memories' on solution 'StemProcessor.v1': elapsed time 13986.46 seconds, memory usage 2091540kB, peak memory usage 2157084kB (SOL-15)
# Info: Running transformation 'memories' on solution 'StemProcessor.v1': elapsed time 14012.03 seconds, memory usage 2091540kB, peak memory usage 2157084kB (SOL-15)
# Info: Running transformation 'memories' on solution 'StemProcessor.v1': elapsed time 14037.45 seconds, memory usage 2091540kB, peak memory usage 2157084kB (SOL-15)
# Info: Running transformation 'memories' on solution 'StemProcessor.v1': elapsed time 14062.74 seconds, memory usage 2091540kB, peak memory usage 2157084kB (SOL-15)
# Info: Running transformation 'memories' on solution 'StemProcessor.v1': elapsed time 14088.28 seconds, memory usage 2091540kB, peak memory usage 2157084kB (SOL-15)
# Info: Running transformation 'memories' on solution 'StemProcessor.v1': elapsed time 14113.99 seconds, memory usage 2091540kB, peak memory usage 2157084kB (SOL-15)
# Info: Running transformation 'memories' on solution 'StemProcessor.v1': elapsed time 14142.41 seconds, memory usage 2091540kB, peak memory usage 2157084kB (SOL-15)
# Info: Running transformation 'memories' on solution 'StemProcessor.v1': elapsed time 14172.35 seconds, memory usage 2091540kB, peak memory usage 2157084kB (SOL-15)
# Info: Running transformation 'memories' on solution 'StemProcessor.v1': elapsed time 14197.76 seconds, memory usage 2091540kB, peak memory usage 2157084kB (SOL-15)
# Info: Running transformation 'memories' on solution 'StemProcessor.v1': elapsed time 14223.21 seconds, memory usage 2091540kB, peak memory usage 2157084kB (SOL-15)
# Info: Running transformation 'memories' on solution 'StemProcessor.v1': elapsed time 14248.84 seconds, memory usage 2091540kB, peak memory usage 2157084kB (SOL-15)
# Info: Running transformation 'memories' on solution 'StemProcessor.v1': elapsed time 14274.17 seconds, memory usage 2091540kB, peak memory usage 2157084kB (SOL-15)
# Info: Running transformation 'memories' on solution 'StemProcessor.v1': elapsed time 14299.82 seconds, memory usage 2091540kB, peak memory usage 2157084kB (SOL-15)
# Info: Running transformation 'memories' on solution 'StemProcessor.v1': elapsed time 14328.28 seconds, memory usage 2091540kB, peak memory usage 2157084kB (SOL-15)
# Info: Running transformation 'memories' on solution 'StemProcessor.v1': elapsed time 14358.22 seconds, memory usage 2091540kB, peak memory usage 2157084kB (SOL-15)
# Info: Running transformation 'memories' on solution 'StemProcessor.v1': elapsed time 14383.94 seconds, memory usage 2091540kB, peak memory usage 2157084kB (SOL-15)
# Info: Running transformation 'memories' on solution 'StemProcessor.v1': elapsed time 14409.61 seconds, memory usage 2091540kB, peak memory usage 2157084kB (SOL-15)
# Info: Running transformation 'memories' on solution 'StemProcessor.v1': elapsed time 14435.23 seconds, memory usage 2091540kB, peak memory usage 2157084kB (SOL-15)
# Info: Running transformation 'memories' on solution 'StemProcessor.v1': elapsed time 14460.81 seconds, memory usage 2091540kB, peak memory usage 2157084kB (SOL-15)
# Info: Running transformation 'memories' on solution 'StemProcessor.v1': elapsed time 14486.45 seconds, memory usage 2091540kB, peak memory usage 2157084kB (SOL-15)
# Info: Running transformation 'memories' on solution 'StemProcessor.v1': elapsed time 14514.12 seconds, memory usage 2091540kB, peak memory usage 2157084kB (SOL-15)
# Info: Running transformation 'memories' on solution 'StemProcessor.v1': elapsed time 14544.06 seconds, memory usage 2091540kB, peak memory usage 2157084kB (SOL-15)
# Info: Running transformation 'memories' on solution 'StemProcessor.v1': elapsed time 14569.82 seconds, memory usage 2091540kB, peak memory usage 2157084kB (SOL-15)
# Info: Running transformation 'memories' on solution 'StemProcessor.v1': elapsed time 14595.45 seconds, memory usage 2091540kB, peak memory usage 2157084kB (SOL-15)
# Info: Running transformation 'memories' on solution 'StemProcessor.v1': elapsed time 14620.70 seconds, memory usage 2091540kB, peak memory usage 2157084kB (SOL-15)
# Info: Running transformation 'memories' on solution 'StemProcessor.v1': elapsed time 14646.28 seconds, memory usage 2091540kB, peak memory usage 2157084kB (SOL-15)
# Info: Running transformation 'memories' on solution 'StemProcessor.v1': elapsed time 14671.95 seconds, memory usage 2091540kB, peak memory usage 2157084kB (SOL-15)
# Info: Running transformation 'memories' on solution 'StemProcessor.v1': elapsed time 14699.93 seconds, memory usage 2091540kB, peak memory usage 2157084kB (SOL-15)
# Info: Running transformation 'memories' on solution 'StemProcessor.v1': elapsed time 14729.87 seconds, memory usage 2091540kB, peak memory usage 2157084kB (SOL-15)
# Info: Running transformation 'memories' on solution 'StemProcessor.v1': elapsed time 14755.68 seconds, memory usage 2091540kB, peak memory usage 2157084kB (SOL-15)
# Info: Running transformation 'memories' on solution 'StemProcessor.v1': elapsed time 14780.76 seconds, memory usage 2091540kB, peak memory usage 2157084kB (SOL-15)
# Info: Running transformation 'memories' on solution 'StemProcessor.v1': elapsed time 14806.29 seconds, memory usage 2091540kB, peak memory usage 2157084kB (SOL-15)
# Info: Running transformation 'memories' on solution 'StemProcessor.v1': elapsed time 14832.05 seconds, memory usage 2091540kB, peak memory usage 2157084kB (SOL-15)
# Info: Running transformation 'memories' on solution 'StemProcessor.v1': elapsed time 14857.58 seconds, memory usage 2091540kB, peak memory usage 2157084kB (SOL-15)
# Info: Running transformation 'memories' on solution 'StemProcessor.v1': elapsed time 14885.73 seconds, memory usage 2091540kB, peak memory usage 2157084kB (SOL-15)
# Info: Running transformation 'memories' on solution 'StemProcessor.v1': elapsed time 14915.67 seconds, memory usage 2091540kB, peak memory usage 2157084kB (SOL-15)
# Info: Running transformation 'memories' on solution 'StemProcessor.v1': elapsed time 14941.51 seconds, memory usage 2091540kB, peak memory usage 2157084kB (SOL-15)
# Info: Running transformation 'memories' on solution 'StemProcessor.v1': elapsed time 14967.17 seconds, memory usage 2091540kB, peak memory usage 2157084kB (SOL-15)
# Info: Running transformation 'memories' on solution 'StemProcessor.v1': elapsed time 14992.50 seconds, memory usage 2091540kB, peak memory usage 2157084kB (SOL-15)
# Info: Running transformation 'memories' on solution 'StemProcessor.v1': elapsed time 15018.02 seconds, memory usage 2091540kB, peak memory usage 2157084kB (SOL-15)
# Info: Running transformation 'memories' on solution 'StemProcessor.v1': elapsed time 15043.42 seconds, memory usage 2091540kB, peak memory usage 2157084kB (SOL-15)
# Info: Running transformation 'memories' on solution 'StemProcessor.v1': elapsed time 15071.49 seconds, memory usage 2091540kB, peak memory usage 2157084kB (SOL-15)
# Info: Running transformation 'memories' on solution 'StemProcessor.v1': elapsed time 15101.43 seconds, memory usage 2091540kB, peak memory usage 2157084kB (SOL-15)
# Info: Running transformation 'memories' on solution 'StemProcessor.v1': elapsed time 15126.80 seconds, memory usage 2091540kB, peak memory usage 2157084kB (SOL-15)
# Info: Running transformation 'memories' on solution 'StemProcessor.v1': elapsed time 15152.21 seconds, memory usage 2091540kB, peak memory usage 2157084kB (SOL-15)
# Info: Running transformation 'memories' on solution 'StemProcessor.v1': elapsed time 15177.87 seconds, memory usage 2091540kB, peak memory usage 2157084kB (SOL-15)
# Info: Running transformation 'memories' on solution 'StemProcessor.v1': elapsed time 15203.57 seconds, memory usage 2091540kB, peak memory usage 2157084kB (SOL-15)
# Info: Running transformation 'memories' on solution 'StemProcessor.v1': elapsed time 15229.10 seconds, memory usage 2091540kB, peak memory usage 2157084kB (SOL-15)
# Info: Running transformation 'memories' on solution 'StemProcessor.v1': elapsed time 15257.29 seconds, memory usage 2091540kB, peak memory usage 2157084kB (SOL-15)
# Info: Running transformation 'memories' on solution 'StemProcessor.v1': elapsed time 15287.23 seconds, memory usage 2091540kB, peak memory usage 2157084kB (SOL-15)
# Info: Running transformation 'memories' on solution 'StemProcessor.v1': elapsed time 15312.76 seconds, memory usage 2091540kB, peak memory usage 2157084kB (SOL-15)
# Info: Running transformation 'memories' on solution 'StemProcessor.v1': elapsed time 15338.13 seconds, memory usage 2091540kB, peak memory usage 2157084kB (SOL-15)
# Info: Running transformation 'memories' on solution 'StemProcessor.v1': elapsed time 15363.87 seconds, memory usage 2091540kB, peak memory usage 2157084kB (SOL-15)
# Info: Running transformation 'memories' on solution 'StemProcessor.v1': elapsed time 15389.39 seconds, memory usage 2091540kB, peak memory usage 2157084kB (SOL-15)
# Info: Running transformation 'memories' on solution 'StemProcessor.v1': elapsed time 15414.69 seconds, memory usage 2091540kB, peak memory usage 2157084kB (SOL-15)
# Info: Running transformation 'memories' on solution 'StemProcessor.v1': elapsed time 15443.12 seconds, memory usage 2091540kB, peak memory usage 2157084kB (SOL-15)
# Info: Running transformation 'memories' on solution 'StemProcessor.v1': elapsed time 15473.06 seconds, memory usage 2091540kB, peak memory usage 2157084kB (SOL-15)
# Info: Running transformation 'memories' on solution 'StemProcessor.v1': elapsed time 15498.38 seconds, memory usage 2091540kB, peak memory usage 2157084kB (SOL-15)
# Info: Running transformation 'memories' on solution 'StemProcessor.v1': elapsed time 15523.80 seconds, memory usage 2091540kB, peak memory usage 2157084kB (SOL-15)
# Info: Running transformation 'memories' on solution 'StemProcessor.v1': elapsed time 15549.48 seconds, memory usage 2091540kB, peak memory usage 2157084kB (SOL-15)
# Info: Running transformation 'memories' on solution 'StemProcessor.v1': elapsed time 15574.86 seconds, memory usage 2091540kB, peak memory usage 2157084kB (SOL-15)
# Info: Running transformation 'memories' on solution 'StemProcessor.v1': elapsed time 15600.55 seconds, memory usage 2091540kB, peak memory usage 2157084kB (SOL-15)
# Info: Running transformation 'memories' on solution 'StemProcessor.v1': elapsed time 15628.92 seconds, memory usage 2091540kB, peak memory usage 2157084kB (SOL-15)
# Info: Running transformation 'memories' on solution 'StemProcessor.v1': elapsed time 15658.86 seconds, memory usage 2091540kB, peak memory usage 2157084kB (SOL-15)
# Info: Running transformation 'memories' on solution 'StemProcessor.v1': elapsed time 15684.24 seconds, memory usage 2091540kB, peak memory usage 2157084kB (SOL-15)
# Info: Running transformation 'memories' on solution 'StemProcessor.v1': elapsed time 15709.89 seconds, memory usage 2091540kB, peak memory usage 2157084kB (SOL-15)
# Info: Running transformation 'memories' on solution 'StemProcessor.v1': elapsed time 15735.41 seconds, memory usage 2091540kB, peak memory usage 2157084kB (SOL-15)
# Info: Running transformation 'memories' on solution 'StemProcessor.v1': elapsed time 15760.81 seconds, memory usage 2091540kB, peak memory usage 2157084kB (SOL-15)
# Info: Running transformation 'memories' on solution 'StemProcessor.v1': elapsed time 15786.47 seconds, memory usage 2091540kB, peak memory usage 2157084kB (SOL-15)
# Info: Running transformation 'memories' on solution 'StemProcessor.v1': elapsed time 15814.63 seconds, memory usage 2091540kB, peak memory usage 2157084kB (SOL-15)
# Info: Running transformation 'memories' on solution 'StemProcessor.v1': elapsed time 15844.58 seconds, memory usage 2091540kB, peak memory usage 2157084kB (SOL-15)
# Info: Running transformation 'memories' on solution 'StemProcessor.v1': elapsed time 15870.08 seconds, memory usage 2091540kB, peak memory usage 2157084kB (SOL-15)
# Info: Running transformation 'memories' on solution 'StemProcessor.v1': elapsed time 15895.77 seconds, memory usage 2091540kB, peak memory usage 2157084kB (SOL-15)
# Info: Running transformation 'memories' on solution 'StemProcessor.v1': elapsed time 15921.41 seconds, memory usage 2091540kB, peak memory usage 2157084kB (SOL-15)
# Info: Running transformation 'memories' on solution 'StemProcessor.v1': elapsed time 15946.80 seconds, memory usage 2091540kB, peak memory usage 2157084kB (SOL-15)
# Info: Running transformation 'memories' on solution 'StemProcessor.v1': elapsed time 15972.33 seconds, memory usage 2091540kB, peak memory usage 2157084kB (SOL-15)
# Info: Running transformation 'memories' on solution 'StemProcessor.v1': elapsed time 16000.36 seconds, memory usage 2091540kB, peak memory usage 2157084kB (SOL-15)
# Info: Running transformation 'memories' on solution 'StemProcessor.v1': elapsed time 16030.30 seconds, memory usage 2091540kB, peak memory usage 2157084kB (SOL-15)
# Info: Running transformation 'memories' on solution 'StemProcessor.v1': elapsed time 16055.30 seconds, memory usage 2091540kB, peak memory usage 2157084kB (SOL-15)
# Info: Running transformation 'memories' on solution 'StemProcessor.v1': elapsed time 16080.84 seconds, memory usage 2091540kB, peak memory usage 2157084kB (SOL-15)
# Info: Running transformation 'memories' on solution 'StemProcessor.v1': elapsed time 16106.50 seconds, memory usage 2091540kB, peak memory usage 2157084kB (SOL-15)
# Info: Running transformation 'memories' on solution 'StemProcessor.v1': elapsed time 16132.11 seconds, memory usage 2091540kB, peak memory usage 2157084kB (SOL-15)
# Info: Running transformation 'memories' on solution 'StemProcessor.v1': elapsed time 16157.77 seconds, memory usage 2091540kB, peak memory usage 2157084kB (SOL-15)
# Info: Running transformation 'memories' on solution 'StemProcessor.v1': elapsed time 16186.10 seconds, memory usage 2091540kB, peak memory usage 2157084kB (SOL-15)
# Info: Running transformation 'memories' on solution 'StemProcessor.v1': elapsed time 16216.04 seconds, memory usage 2091540kB, peak memory usage 2157084kB (SOL-15)
# Info: Running transformation 'memories' on solution 'StemProcessor.v1': elapsed time 16241.77 seconds, memory usage 2091540kB, peak memory usage 2157084kB (SOL-15)
# Info: Running transformation 'memories' on solution 'StemProcessor.v1': elapsed time 16267.49 seconds, memory usage 2091540kB, peak memory usage 2157084kB (SOL-15)
# Info: Running transformation 'memories' on solution 'StemProcessor.v1': elapsed time 16293.26 seconds, memory usage 2091540kB, peak memory usage 2157084kB (SOL-15)
# Info: Running transformation 'memories' on solution 'StemProcessor.v1': elapsed time 16319.03 seconds, memory usage 2091540kB, peak memory usage 2157084kB (SOL-15)
# Info: Running transformation 'memories' on solution 'StemProcessor.v1': elapsed time 16344.67 seconds, memory usage 2091540kB, peak memory usage 2157084kB (SOL-15)
# Info: Running transformation 'memories' on solution 'StemProcessor.v1': elapsed time 16371.99 seconds, memory usage 2091540kB, peak memory usage 2157084kB (SOL-15)
# Info: Running transformation 'memories' on solution 'StemProcessor.v1': elapsed time 16401.93 seconds, memory usage 2091540kB, peak memory usage 2157084kB (SOL-15)
# Info: Running transformation 'memories' on solution 'StemProcessor.v1': elapsed time 16427.10 seconds, memory usage 2091540kB, peak memory usage 2157084kB (SOL-15)
# Info: Running transformation 'memories' on solution 'StemProcessor.v1': elapsed time 16452.23 seconds, memory usage 2091540kB, peak memory usage 2157084kB (SOL-15)
# Info: Running transformation 'memories' on solution 'StemProcessor.v1': elapsed time 16477.76 seconds, memory usage 2091540kB, peak memory usage 2157084kB (SOL-15)
# Info: Running transformation 'memories' on solution 'StemProcessor.v1': elapsed time 16502.84 seconds, memory usage 2091540kB, peak memory usage 2157084kB (SOL-15)
# Info: Running transformation 'memories' on solution 'StemProcessor.v1': elapsed time 16528.31 seconds, memory usage 2091540kB, peak memory usage 2157084kB (SOL-15)
# Info: Running transformation 'memories' on solution 'StemProcessor.v1': elapsed time 16557.62 seconds, memory usage 2091540kB, peak memory usage 2157084kB (SOL-15)
# Info: Running transformation 'memories' on solution 'StemProcessor.v1': elapsed time 16587.56 seconds, memory usage 2091540kB, peak memory usage 2157084kB (SOL-15)
# Info: Running transformation 'memories' on solution 'StemProcessor.v1': elapsed time 16612.97 seconds, memory usage 2091540kB, peak memory usage 2157084kB (SOL-15)
# Info: Running transformation 'memories' on solution 'StemProcessor.v1': elapsed time 16638.69 seconds, memory usage 2091540kB, peak memory usage 2157084kB (SOL-15)
# Info: Running transformation 'memories' on solution 'StemProcessor.v1': elapsed time 16664.01 seconds, memory usage 2091540kB, peak memory usage 2157084kB (SOL-15)
# Info: Running transformation 'memories' on solution 'StemProcessor.v1': elapsed time 16689.66 seconds, memory usage 2091540kB, peak memory usage 2157084kB (SOL-15)
# Info: Running transformation 'memories' on solution 'StemProcessor.v1': elapsed time 16715.19 seconds, memory usage 2091540kB, peak memory usage 2157084kB (SOL-15)
# Info: Running transformation 'memories' on solution 'StemProcessor.v1': elapsed time 16743.35 seconds, memory usage 2091540kB, peak memory usage 2157084kB (SOL-15)
# Info: Running transformation 'memories' on solution 'StemProcessor.v1': elapsed time 16773.29 seconds, memory usage 2091540kB, peak memory usage 2157084kB (SOL-15)
# Info: Running transformation 'memories' on solution 'StemProcessor.v1': elapsed time 16799.08 seconds, memory usage 2091540kB, peak memory usage 2157084kB (SOL-15)
# Info: Running transformation 'memories' on solution 'StemProcessor.v1': elapsed time 16824.56 seconds, memory usage 2091540kB, peak memory usage 2157084kB (SOL-15)
# Info: Running transformation 'memories' on solution 'StemProcessor.v1': elapsed time 16849.96 seconds, memory usage 2091540kB, peak memory usage 2157084kB (SOL-15)
# Info: Running transformation 'memories' on solution 'StemProcessor.v1': elapsed time 16875.37 seconds, memory usage 2091540kB, peak memory usage 2157084kB (SOL-15)
# Info: Running transformation 'memories' on solution 'StemProcessor.v1': elapsed time 16900.84 seconds, memory usage 2091540kB, peak memory usage 2157084kB (SOL-15)
# Info: Running transformation 'memories' on solution 'StemProcessor.v1': elapsed time 16929.11 seconds, memory usage 2091540kB, peak memory usage 2157084kB (SOL-15)
# Info: Running transformation 'memories' on solution 'StemProcessor.v1': elapsed time 16959.05 seconds, memory usage 2091540kB, peak memory usage 2157084kB (SOL-15)
# Info: Running transformation 'memories' on solution 'StemProcessor.v1': elapsed time 16984.39 seconds, memory usage 2091540kB, peak memory usage 2157084kB (SOL-15)
# Info: Running transformation 'memories' on solution 'StemProcessor.v1': elapsed time 17009.84 seconds, memory usage 2091540kB, peak memory usage 2157084kB (SOL-15)
# Info: Running transformation 'memories' on solution 'StemProcessor.v1': elapsed time 17035.30 seconds, memory usage 2091540kB, peak memory usage 2157084kB (SOL-15)
# Info: Running transformation 'memories' on solution 'StemProcessor.v1': elapsed time 17060.99 seconds, memory usage 2091540kB, peak memory usage 2157084kB (SOL-15)
# Info: Running transformation 'memories' on solution 'StemProcessor.v1': elapsed time 17086.67 seconds, memory usage 2091540kB, peak memory usage 2157084kB (SOL-15)
# Info: Running transformation 'memories' on solution 'StemProcessor.v1': elapsed time 17114.85 seconds, memory usage 2091540kB, peak memory usage 2157084kB (SOL-15)
# Info: Running transformation 'memories' on solution 'StemProcessor.v1': elapsed time 17144.79 seconds, memory usage 2091540kB, peak memory usage 2157084kB (SOL-15)
# Info: Running transformation 'memories' on solution 'StemProcessor.v1': elapsed time 17170.29 seconds, memory usage 2091540kB, peak memory usage 2157084kB (SOL-15)
# Info: Running transformation 'memories' on solution 'StemProcessor.v1': elapsed time 17195.98 seconds, memory usage 2091540kB, peak memory usage 2157084kB (SOL-15)
# Info: Running transformation 'memories' on solution 'StemProcessor.v1': elapsed time 17221.46 seconds, memory usage 2091540kB, peak memory usage 2157084kB (SOL-15)
# Info: Running transformation 'memories' on solution 'StemProcessor.v1': elapsed time 17247.10 seconds, memory usage 2091540kB, peak memory usage 2157084kB (SOL-15)
# Info: Running transformation 'memories' on solution 'StemProcessor.v1': elapsed time 17272.49 seconds, memory usage 2091540kB, peak memory usage 2157084kB (SOL-15)
# Info: Running transformation 'memories' on solution 'StemProcessor.v1': elapsed time 17300.70 seconds, memory usage 2091540kB, peak memory usage 2157084kB (SOL-15)
# Info: Running transformation 'memories' on solution 'StemProcessor.v1': elapsed time 17330.64 seconds, memory usage 2091540kB, peak memory usage 2157084kB (SOL-15)
# Info: Running transformation 'memories' on solution 'StemProcessor.v1': elapsed time 17356.21 seconds, memory usage 2091540kB, peak memory usage 2157084kB (SOL-15)
# Info: Running transformation 'memories' on solution 'StemProcessor.v1': elapsed time 17381.55 seconds, memory usage 2091540kB, peak memory usage 2157084kB (SOL-15)
# Info: Running transformation 'memories' on solution 'StemProcessor.v1': elapsed time 17406.84 seconds, memory usage 2091540kB, peak memory usage 2157084kB (SOL-15)
# Info: Running transformation 'memories' on solution 'StemProcessor.v1': elapsed time 17432.56 seconds, memory usage 2091540kB, peak memory usage 2157084kB (SOL-15)
# Info: Running transformation 'memories' on solution 'StemProcessor.v1': elapsed time 17458.07 seconds, memory usage 2091540kB, peak memory usage 2157084kB (SOL-15)
# Info: Running transformation 'memories' on solution 'StemProcessor.v1': elapsed time 17488.00 seconds, memory usage 2091540kB, peak memory usage 2157084kB (SOL-15)
# Info: Running transformation 'memories' on solution 'StemProcessor.v1': elapsed time 17513.29 seconds, memory usage 2091540kB, peak memory usage 2157084kB (SOL-15)
# Info: Running transformation 'memories' on solution 'StemProcessor.v1': elapsed time 17538.84 seconds, memory usage 2091540kB, peak memory usage 2157084kB (SOL-15)
# Info: Running transformation 'memories' on solution 'StemProcessor.v1': elapsed time 17564.38 seconds, memory usage 2091540kB, peak memory usage 2157084kB (SOL-15)
# Info: Running transformation 'memories' on solution 'StemProcessor.v1': elapsed time 17589.96 seconds, memory usage 2091540kB, peak memory usage 2157084kB (SOL-15)
# Info: Running transformation 'memories' on solution 'StemProcessor.v1': elapsed time 17615.12 seconds, memory usage 2091540kB, peak memory usage 2157084kB (SOL-15)
# Info: Running transformation 'memories' on solution 'StemProcessor.v1': elapsed time 17643.17 seconds, memory usage 2091540kB, peak memory usage 2157084kB (SOL-15)
# Info: Running transformation 'memories' on solution 'StemProcessor.v1': elapsed time 17673.12 seconds, memory usage 2091540kB, peak memory usage 2157084kB (SOL-15)
# Info: Running transformation 'memories' on solution 'StemProcessor.v1': elapsed time 17698.63 seconds, memory usage 2091540kB, peak memory usage 2157084kB (SOL-15)
# Info: Running transformation 'memories' on solution 'StemProcessor.v1': elapsed time 17723.91 seconds, memory usage 2091540kB, peak memory usage 2157084kB (SOL-15)
# Info: Running transformation 'memories' on solution 'StemProcessor.v1': elapsed time 17749.10 seconds, memory usage 2091540kB, peak memory usage 2157084kB (SOL-15)
# Info: Running transformation 'memories' on solution 'StemProcessor.v1': elapsed time 17774.39 seconds, memory usage 2091540kB, peak memory usage 2157084kB (SOL-15)
# Info: Running transformation 'memories' on solution 'StemProcessor.v1': elapsed time 17799.75 seconds, memory usage 2091540kB, peak memory usage 2157084kB (SOL-15)
# Info: Running transformation 'memories' on solution 'StemProcessor.v1': elapsed time 17829.04 seconds, memory usage 2091540kB, peak memory usage 2157084kB (SOL-15)
# Info: Running transformation 'memories' on solution 'StemProcessor.v1': elapsed time 17858.98 seconds, memory usage 2091540kB, peak memory usage 2157084kB (SOL-15)
# Info: Running transformation 'memories' on solution 'StemProcessor.v1': elapsed time 17884.40 seconds, memory usage 2091540kB, peak memory usage 2157084kB (SOL-15)
# Info: Running transformation 'memories' on solution 'StemProcessor.v1': elapsed time 17909.97 seconds, memory usage 2091540kB, peak memory usage 2157084kB (SOL-15)
# Info: Running transformation 'memories' on solution 'StemProcessor.v1': elapsed time 17935.66 seconds, memory usage 2091540kB, peak memory usage 2157084kB (SOL-15)
# Info: Running transformation 'memories' on solution 'StemProcessor.v1': elapsed time 17961.13 seconds, memory usage 2091540kB, peak memory usage 2157084kB (SOL-15)
# Info: Running transformation 'memories' on solution 'StemProcessor.v1': elapsed time 17986.24 seconds, memory usage 2091540kB, peak memory usage 2157084kB (SOL-15)
# Info: Running transformation 'memories' on solution 'StemProcessor.v1': elapsed time 18014.76 seconds, memory usage 2091540kB, peak memory usage 2157084kB (SOL-15)
# Info: Running transformation 'memories' on solution 'StemProcessor.v1': elapsed time 18044.69 seconds, memory usage 2091540kB, peak memory usage 2157084kB (SOL-15)
# Info: Running transformation 'memories' on solution 'StemProcessor.v1': elapsed time 18070.33 seconds, memory usage 2091540kB, peak memory usage 2157084kB (SOL-15)
# Info: Running transformation 'memories' on solution 'StemProcessor.v1': elapsed time 18095.69 seconds, memory usage 2091540kB, peak memory usage 2157084kB (SOL-15)
# Info: Running transformation 'memories' on solution 'StemProcessor.v1': elapsed time 18121.15 seconds, memory usage 2091540kB, peak memory usage 2157084kB (SOL-15)
# Info: Running transformation 'memories' on solution 'StemProcessor.v1': elapsed time 18146.67 seconds, memory usage 2091540kB, peak memory usage 2157084kB (SOL-15)
# Info: Running transformation 'memories' on solution 'StemProcessor.v1': elapsed time 18172.23 seconds, memory usage 2091540kB, peak memory usage 2157084kB (SOL-15)
# Info: Running transformation 'memories' on solution 'StemProcessor.v1': elapsed time 18200.63 seconds, memory usage 2091540kB, peak memory usage 2157084kB (SOL-15)
# Info: Running transformation 'memories' on solution 'StemProcessor.v1': elapsed time 18230.56 seconds, memory usage 2091540kB, peak memory usage 2157084kB (SOL-15)
# Info: Running transformation 'memories' on solution 'StemProcessor.v1': elapsed time 18255.92 seconds, memory usage 2091540kB, peak memory usage 2157084kB (SOL-15)
# Info: Running transformation 'memories' on solution 'StemProcessor.v1': elapsed time 18281.49 seconds, memory usage 2091540kB, peak memory usage 2157084kB (SOL-15)
# Info: Running transformation 'memories' on solution 'StemProcessor.v1': elapsed time 18306.91 seconds, memory usage 2091540kB, peak memory usage 2157084kB (SOL-15)
# Info: Running transformation 'memories' on solution 'StemProcessor.v1': elapsed time 18332.23 seconds, memory usage 2091540kB, peak memory usage 2157084kB (SOL-15)
# Info: Running transformation 'memories' on solution 'StemProcessor.v1': elapsed time 18357.73 seconds, memory usage 2091540kB, peak memory usage 2157084kB (SOL-15)
# Info: Running transformation 'memories' on solution 'StemProcessor.v1': elapsed time 18386.42 seconds, memory usage 2091540kB, peak memory usage 2157084kB (SOL-15)
# Info: Running transformation 'memories' on solution 'StemProcessor.v1': elapsed time 18416.36 seconds, memory usage 2091540kB, peak memory usage 2157084kB (SOL-15)
# Info: Running transformation 'memories' on solution 'StemProcessor.v1': elapsed time 18441.75 seconds, memory usage 2091540kB, peak memory usage 2157084kB (SOL-15)
# Info: Running transformation 'memories' on solution 'StemProcessor.v1': elapsed time 18466.81 seconds, memory usage 2091540kB, peak memory usage 2157084kB (SOL-15)
# Info: Running transformation 'memories' on solution 'StemProcessor.v1': elapsed time 18492.35 seconds, memory usage 2091540kB, peak memory usage 2157084kB (SOL-15)
# Info: Running transformation 'memories' on solution 'StemProcessor.v1': elapsed time 18517.67 seconds, memory usage 2091540kB, peak memory usage 2157084kB (SOL-15)
# Info: Running transformation 'memories' on solution 'StemProcessor.v1': elapsed time 18542.77 seconds, memory usage 2091540kB, peak memory usage 2157084kB (SOL-15)
# Info: Running transformation 'memories' on solution 'StemProcessor.v1': elapsed time 18572.27 seconds, memory usage 2091540kB, peak memory usage 2157084kB (SOL-15)
# Info: Running transformation 'memories' on solution 'StemProcessor.v1': elapsed time 18602.22 seconds, memory usage 2091540kB, peak memory usage 2157084kB (SOL-15)
# Info: Running transformation 'memories' on solution 'StemProcessor.v1': elapsed time 18627.79 seconds, memory usage 2091540kB, peak memory usage 2157084kB (SOL-15)
# Info: Running transformation 'memories' on solution 'StemProcessor.v1': elapsed time 18652.99 seconds, memory usage 2091540kB, peak memory usage 2157084kB (SOL-15)
# Info: Running transformation 'memories' on solution 'StemProcessor.v1': elapsed time 18678.39 seconds, memory usage 2091540kB, peak memory usage 2157084kB (SOL-15)
# Info: Running transformation 'memories' on solution 'StemProcessor.v1': elapsed time 18704.16 seconds, memory usage 2091540kB, peak memory usage 2157084kB (SOL-15)
# Info: Running transformation 'memories' on solution 'StemProcessor.v1': elapsed time 18729.72 seconds, memory usage 2091540kB, peak memory usage 2157084kB (SOL-15)
# Info: Running transformation 'memories' on solution 'StemProcessor.v1': elapsed time 18758.03 seconds, memory usage 2091540kB, peak memory usage 2157084kB (SOL-15)
# Info: Running transformation 'memories' on solution 'StemProcessor.v1': elapsed time 18787.97 seconds, memory usage 2091540kB, peak memory usage 2157084kB (SOL-15)
# Info: Running transformation 'memories' on solution 'StemProcessor.v1': elapsed time 18813.32 seconds, memory usage 2091540kB, peak memory usage 2157084kB (SOL-15)
# Info: Running transformation 'memories' on solution 'StemProcessor.v1': elapsed time 18838.87 seconds, memory usage 2091540kB, peak memory usage 2157084kB (SOL-15)
# Info: Running transformation 'memories' on solution 'StemProcessor.v1': elapsed time 18864.30 seconds, memory usage 2091540kB, peak memory usage 2157084kB (SOL-15)
# Info: Running transformation 'memories' on solution 'StemProcessor.v1': elapsed time 18889.71 seconds, memory usage 2091540kB, peak memory usage 2157084kB (SOL-15)
# Info: Running transformation 'memories' on solution 'StemProcessor.v1': elapsed time 18915.21 seconds, memory usage 2091540kB, peak memory usage 2157084kB (SOL-15)
# Info: Running transformation 'memories' on solution 'StemProcessor.v1': elapsed time 18944.13 seconds, memory usage 2091540kB, peak memory usage 2157084kB (SOL-15)
# Info: Running transformation 'memories' on solution 'StemProcessor.v1': elapsed time 18974.06 seconds, memory usage 2091540kB, peak memory usage 2157084kB (SOL-15)
# Info: Running transformation 'memories' on solution 'StemProcessor.v1': elapsed time 18999.47 seconds, memory usage 2091540kB, peak memory usage 2157084kB (SOL-15)
# Info: Running transformation 'memories' on solution 'StemProcessor.v1': elapsed time 19024.78 seconds, memory usage 2091540kB, peak memory usage 2157084kB (SOL-15)
# Info: Running transformation 'memories' on solution 'StemProcessor.v1': elapsed time 19050.20 seconds, memory usage 2091540kB, peak memory usage 2157084kB (SOL-15)
# Info: Running transformation 'memories' on solution 'StemProcessor.v1': elapsed time 19075.93 seconds, memory usage 2091540kB, peak memory usage 2157084kB (SOL-15)
# Info: Running transformation 'memories' on solution 'StemProcessor.v1': elapsed time 19101.38 seconds, memory usage 2091540kB, peak memory usage 2157084kB (SOL-15)
# Info: Running transformation 'memories' on solution 'StemProcessor.v1': elapsed time 19129.90 seconds, memory usage 2091540kB, peak memory usage 2157084kB (SOL-15)
# Info: Running transformation 'memories' on solution 'StemProcessor.v1': elapsed time 19159.84 seconds, memory usage 2091540kB, peak memory usage 2157084kB (SOL-15)
# Info: Running transformation 'memories' on solution 'StemProcessor.v1': elapsed time 19185.11 seconds, memory usage 2091540kB, peak memory usage 2157084kB (SOL-15)
# Info: Running transformation 'memories' on solution 'StemProcessor.v1': elapsed time 19210.44 seconds, memory usage 2091540kB, peak memory usage 2157084kB (SOL-15)
# Info: Running transformation 'memories' on solution 'StemProcessor.v1': elapsed time 19235.93 seconds, memory usage 2091540kB, peak memory usage 2157084kB (SOL-15)
# Info: Running transformation 'memories' on solution 'StemProcessor.v1': elapsed time 19261.66 seconds, memory usage 2091540kB, peak memory usage 2157084kB (SOL-15)
# Info: Running transformation 'memories' on solution 'StemProcessor.v1': elapsed time 19287.21 seconds, memory usage 2091540kB, peak memory usage 2157084kB (SOL-15)
# Info: Running transformation 'memories' on solution 'StemProcessor.v1': elapsed time 19315.63 seconds, memory usage 2091540kB, peak memory usage 2157084kB (SOL-15)
# Info: Running transformation 'memories' on solution 'StemProcessor.v1': elapsed time 19345.57 seconds, memory usage 2091540kB, peak memory usage 2157084kB (SOL-15)
# Info: Running transformation 'memories' on solution 'StemProcessor.v1': elapsed time 19371.29 seconds, memory usage 2091540kB, peak memory usage 2157084kB (SOL-15)
# Info: Running transformation 'memories' on solution 'StemProcessor.v1': elapsed time 19396.84 seconds, memory usage 2091540kB, peak memory usage 2157084kB (SOL-15)
# Info: Running transformation 'memories' on solution 'StemProcessor.v1': elapsed time 19422.47 seconds, memory usage 2091540kB, peak memory usage 2157084kB (SOL-15)
# Info: Running transformation 'memories' on solution 'StemProcessor.v1': elapsed time 19447.88 seconds, memory usage 2091540kB, peak memory usage 2157084kB (SOL-15)
# Info: Running transformation 'memories' on solution 'StemProcessor.v1': elapsed time 19473.19 seconds, memory usage 2091540kB, peak memory usage 2157084kB (SOL-15)
# Info: Running transformation 'memories' on solution 'StemProcessor.v1': elapsed time 19501.39 seconds, memory usage 2091540kB, peak memory usage 2157084kB (SOL-15)
# Info: Running transformation 'memories' on solution 'StemProcessor.v1': elapsed time 19531.33 seconds, memory usage 2091540kB, peak memory usage 2157084kB (SOL-15)
# Info: Running transformation 'memories' on solution 'StemProcessor.v1': elapsed time 19556.79 seconds, memory usage 2091540kB, peak memory usage 2157084kB (SOL-15)
# Info: Running transformation 'memories' on solution 'StemProcessor.v1': elapsed time 19582.31 seconds, memory usage 2091540kB, peak memory usage 2157084kB (SOL-15)
# Info: Running transformation 'memories' on solution 'StemProcessor.v1': elapsed time 19607.54 seconds, memory usage 2091540kB, peak memory usage 2157084kB (SOL-15)
# Info: Running transformation 'memories' on solution 'StemProcessor.v1': elapsed time 19632.73 seconds, memory usage 2091540kB, peak memory usage 2157084kB (SOL-15)
# Info: Running transformation 'memories' on solution 'StemProcessor.v1': elapsed time 19658.29 seconds, memory usage 2091540kB, peak memory usage 2157084kB (SOL-15)
# Info: Running transformation 'memories' on solution 'StemProcessor.v1': elapsed time 19687.02 seconds, memory usage 2091540kB, peak memory usage 2157084kB (SOL-15)
# Info: Running transformation 'memories' on solution 'StemProcessor.v1': elapsed time 19716.96 seconds, memory usage 2091540kB, peak memory usage 2157084kB (SOL-15)
# Info: Running transformation 'memories' on solution 'StemProcessor.v1': elapsed time 19742.38 seconds, memory usage 2091540kB, peak memory usage 2157084kB (SOL-15)
# Info: Running transformation 'memories' on solution 'StemProcessor.v1': elapsed time 19767.92 seconds, memory usage 2091540kB, peak memory usage 2157084kB (SOL-15)
# Info: Running transformation 'memories' on solution 'StemProcessor.v1': elapsed time 19793.16 seconds, memory usage 2091540kB, peak memory usage 2157084kB (SOL-15)
# Info: Running transformation 'memories' on solution 'StemProcessor.v1': elapsed time 19818.59 seconds, memory usage 2091540kB, peak memory usage 2157084kB (SOL-15)
# Info: Running transformation 'memories' on solution 'StemProcessor.v1': elapsed time 19844.10 seconds, memory usage 2091540kB, peak memory usage 2157084kB (SOL-15)
# Info: Running transformation 'memories' on solution 'StemProcessor.v1': elapsed time 19872.75 seconds, memory usage 2091540kB, peak memory usage 2157084kB (SOL-15)
# Info: Running transformation 'memories' on solution 'StemProcessor.v1': elapsed time 19902.70 seconds, memory usage 2091540kB, peak memory usage 2157084kB (SOL-15)
# Info: Running transformation 'memories' on solution 'StemProcessor.v1': elapsed time 19928.19 seconds, memory usage 2091540kB, peak memory usage 2157084kB (SOL-15)
# Info: Running transformation 'memories' on solution 'StemProcessor.v1': elapsed time 19953.57 seconds, memory usage 2091540kB, peak memory usage 2157084kB (SOL-15)
# Info: Running transformation 'memories' on solution 'StemProcessor.v1': elapsed time 19979.03 seconds, memory usage 2091540kB, peak memory usage 2157084kB (SOL-15)
# Info: Running transformation 'memories' on solution 'StemProcessor.v1': elapsed time 20004.46 seconds, memory usage 2091540kB, peak memory usage 2157084kB (SOL-15)
# Info: Running transformation 'memories' on solution 'StemProcessor.v1': elapsed time 20029.90 seconds, memory usage 2091540kB, peak memory usage 2157084kB (SOL-15)
# Info: Running transformation 'memories' on solution 'StemProcessor.v1': elapsed time 20058.57 seconds, memory usage 2091540kB, peak memory usage 2157084kB (SOL-15)
# Info: Running transformation 'memories' on solution 'StemProcessor.v1': elapsed time 20088.51 seconds, memory usage 2091540kB, peak memory usage 2157084kB (SOL-15)
# Info: Running transformation 'memories' on solution 'StemProcessor.v1': elapsed time 20113.69 seconds, memory usage 2091540kB, peak memory usage 2157084kB (SOL-15)
# Info: Running transformation 'memories' on solution 'StemProcessor.v1': elapsed time 20138.78 seconds, memory usage 2091540kB, peak memory usage 2157084kB (SOL-15)
# Info: Running transformation 'memories' on solution 'StemProcessor.v1': elapsed time 20163.83 seconds, memory usage 2091540kB, peak memory usage 2157084kB (SOL-15)
# Info: Running transformation 'memories' on solution 'StemProcessor.v1': elapsed time 20189.01 seconds, memory usage 2091540kB, peak memory usage 2157084kB (SOL-15)
# Info: Running transformation 'memories' on solution 'StemProcessor.v1': elapsed time 20214.20 seconds, memory usage 2091540kB, peak memory usage 2157084kB (SOL-15)
# Info: Running transformation 'memories' on solution 'StemProcessor.v1': elapsed time 20244.14 seconds, memory usage 2091540kB, peak memory usage 2157084kB (SOL-15)
# Info: Running transformation 'memories' on solution 'StemProcessor.v1': elapsed time 20269.47 seconds, memory usage 2091540kB, peak memory usage 2157084kB (SOL-15)
# Info: Running transformation 'memories' on solution 'StemProcessor.v1': elapsed time 20294.69 seconds, memory usage 2091540kB, peak memory usage 2157084kB (SOL-15)
# Info: Running transformation 'memories' on solution 'StemProcessor.v1': elapsed time 20319.92 seconds, memory usage 2091540kB, peak memory usage 2157084kB (SOL-15)
# Info: Running transformation 'memories' on solution 'StemProcessor.v1': elapsed time 20345.48 seconds, memory usage 2091540kB, peak memory usage 2157084kB (SOL-15)
# Info: Running transformation 'memories' on solution 'StemProcessor.v1': elapsed time 20370.82 seconds, memory usage 2091540kB, peak memory usage 2157084kB (SOL-15)
# Info: Running transformation 'memories' on solution 'StemProcessor.v1': elapsed time 20399.20 seconds, memory usage 2091540kB, peak memory usage 2157084kB (SOL-15)
# Info: Running transformation 'memories' on solution 'StemProcessor.v1': elapsed time 20429.15 seconds, memory usage 2091540kB, peak memory usage 2157084kB (SOL-15)
# Info: Running transformation 'memories' on solution 'StemProcessor.v1': elapsed time 20454.66 seconds, memory usage 2091540kB, peak memory usage 2157084kB (SOL-15)
# Info: Running transformation 'memories' on solution 'StemProcessor.v1': elapsed time 20479.84 seconds, memory usage 2091540kB, peak memory usage 2157084kB (SOL-15)
# Info: Running transformation 'memories' on solution 'StemProcessor.v1': elapsed time 20505.36 seconds, memory usage 2091540kB, peak memory usage 2157084kB (SOL-15)
# Info: Running transformation 'memories' on solution 'StemProcessor.v1': elapsed time 20531.14 seconds, memory usage 2091540kB, peak memory usage 2157084kB (SOL-15)
# Info: Running transformation 'memories' on solution 'StemProcessor.v1': elapsed time 20556.60 seconds, memory usage 2091540kB, peak memory usage 2157084kB (SOL-15)
# Info: Running transformation 'memories' on solution 'StemProcessor.v1': elapsed time 20585.10 seconds, memory usage 2091540kB, peak memory usage 2157084kB (SOL-15)
# Info: Running transformation 'memories' on solution 'StemProcessor.v1': elapsed time 20615.04 seconds, memory usage 2091540kB, peak memory usage 2157084kB (SOL-15)
# Info: Running transformation 'memories' on solution 'StemProcessor.v1': elapsed time 20640.24 seconds, memory usage 2091540kB, peak memory usage 2157084kB (SOL-15)
# Info: Running transformation 'memories' on solution 'StemProcessor.v1': elapsed time 20665.62 seconds, memory usage 2091540kB, peak memory usage 2157084kB (SOL-15)
# Info: Running transformation 'memories' on solution 'StemProcessor.v1': elapsed time 20691.25 seconds, memory usage 2091540kB, peak memory usage 2157084kB (SOL-15)
# Info: Running transformation 'memories' on solution 'StemProcessor.v1': elapsed time 20716.39 seconds, memory usage 2091540kB, peak memory usage 2157084kB (SOL-15)
# Info: Running transformation 'memories' on solution 'StemProcessor.v1': elapsed time 20741.81 seconds, memory usage 2091540kB, peak memory usage 2157084kB (SOL-15)
# Info: Running transformation 'memories' on solution 'StemProcessor.v1': elapsed time 20770.90 seconds, memory usage 2091540kB, peak memory usage 2157084kB (SOL-15)
# Info: Running transformation 'memories' on solution 'StemProcessor.v1': elapsed time 20800.85 seconds, memory usage 2091540kB, peak memory usage 2157084kB (SOL-15)
# Info: Running transformation 'memories' on solution 'StemProcessor.v1': elapsed time 20826.01 seconds, memory usage 2091540kB, peak memory usage 2157084kB (SOL-15)
# Info: Running transformation 'memories' on solution 'StemProcessor.v1': elapsed time 20851.30 seconds, memory usage 2091540kB, peak memory usage 2157084kB (SOL-15)
# Info: Running transformation 'memories' on solution 'StemProcessor.v1': elapsed time 20876.89 seconds, memory usage 2091540kB, peak memory usage 2157084kB (SOL-15)
# Info: Running transformation 'memories' on solution 'StemProcessor.v1': elapsed time 20902.33 seconds, memory usage 2091540kB, peak memory usage 2157084kB (SOL-15)
# Info: Running transformation 'memories' on solution 'StemProcessor.v1': elapsed time 20927.54 seconds, memory usage 2091540kB, peak memory usage 2157084kB (SOL-15)
# Info: Running transformation 'memories' on solution 'StemProcessor.v1': elapsed time 20956.72 seconds, memory usage 2091540kB, peak memory usage 2157084kB (SOL-15)
# Info: Running transformation 'memories' on solution 'StemProcessor.v1': elapsed time 20986.67 seconds, memory usage 2091540kB, peak memory usage 2157084kB (SOL-15)
# Info: Running transformation 'memories' on solution 'StemProcessor.v1': elapsed time 21011.87 seconds, memory usage 2091540kB, peak memory usage 2157084kB (SOL-15)
# Info: Running transformation 'memories' on solution 'StemProcessor.v1': elapsed time 21037.51 seconds, memory usage 2091540kB, peak memory usage 2157084kB (SOL-15)
# Info: Running transformation 'memories' on solution 'StemProcessor.v1': elapsed time 21063.00 seconds, memory usage 2091540kB, peak memory usage 2157084kB (SOL-15)
# Info: Running transformation 'memories' on solution 'StemProcessor.v1': elapsed time 21088.34 seconds, memory usage 2091540kB, peak memory usage 2157084kB (SOL-15)
# Info: Running transformation 'memories' on solution 'StemProcessor.v1': elapsed time 21114.00 seconds, memory usage 2091540kB, peak memory usage 2157084kB (SOL-15)
# Info: Running transformation 'memories' on solution 'StemProcessor.v1': elapsed time 21142.52 seconds, memory usage 2091540kB, peak memory usage 2157084kB (SOL-15)
# Info: Running transformation 'memories' on solution 'StemProcessor.v1': elapsed time 21172.46 seconds, memory usage 2091540kB, peak memory usage 2157084kB (SOL-15)
# Info: Running transformation 'memories' on solution 'StemProcessor.v1': elapsed time 21198.13 seconds, memory usage 2091540kB, peak memory usage 2157084kB (SOL-15)
# Info: Running transformation 'memories' on solution 'StemProcessor.v1': elapsed time 21223.57 seconds, memory usage 2091540kB, peak memory usage 2157084kB (SOL-15)
# Info: Running transformation 'memories' on solution 'StemProcessor.v1': elapsed time 21249.25 seconds, memory usage 2091540kB, peak memory usage 2157084kB (SOL-15)
# Info: Running transformation 'memories' on solution 'StemProcessor.v1': elapsed time 21275.02 seconds, memory usage 2091540kB, peak memory usage 2157084kB (SOL-15)
# Info: Running transformation 'memories' on solution 'StemProcessor.v1': elapsed time 21300.62 seconds, memory usage 2091540kB, peak memory usage 2157084kB (SOL-15)
# Info: Running transformation 'memories' on solution 'StemProcessor.v1': elapsed time 21328.33 seconds, memory usage 2091540kB, peak memory usage 2157084kB (SOL-15)
# Info: Running transformation 'memories' on solution 'StemProcessor.v1': elapsed time 21358.27 seconds, memory usage 2091540kB, peak memory usage 2157084kB (SOL-15)
# Info: Running transformation 'memories' on solution 'StemProcessor.v1': elapsed time 21383.49 seconds, memory usage 2091540kB, peak memory usage 2157084kB (SOL-15)
# Info: Running transformation 'memories' on solution 'StemProcessor.v1': elapsed time 21408.81 seconds, memory usage 2091540kB, peak memory usage 2157084kB (SOL-15)
# Info: Running transformation 'memories' on solution 'StemProcessor.v1': elapsed time 21434.22 seconds, memory usage 2091540kB, peak memory usage 2157084kB (SOL-15)
# Info: Running transformation 'memories' on solution 'StemProcessor.v1': elapsed time 21459.86 seconds, memory usage 2091540kB, peak memory usage 2157084kB (SOL-15)
# Info: Running transformation 'memories' on solution 'StemProcessor.v1': elapsed time 21485.33 seconds, memory usage 2091540kB, peak memory usage 2157084kB (SOL-15)
# Info: Running transformation 'memories' on solution 'StemProcessor.v1': elapsed time 21514.12 seconds, memory usage 2091540kB, peak memory usage 2157084kB (SOL-15)
# Info: Running transformation 'memories' on solution 'StemProcessor.v1': elapsed time 21544.06 seconds, memory usage 2091540kB, peak memory usage 2157084kB (SOL-15)
# Info: Running transformation 'memories' on solution 'StemProcessor.v1': elapsed time 21569.57 seconds, memory usage 2091540kB, peak memory usage 2157084kB (SOL-15)
# Info: Running transformation 'memories' on solution 'StemProcessor.v1': elapsed time 21594.79 seconds, memory usage 2091540kB, peak memory usage 2157084kB (SOL-15)
# Info: Running transformation 'memories' on solution 'StemProcessor.v1': elapsed time 21620.41 seconds, memory usage 2091540kB, peak memory usage 2157084kB (SOL-15)
# Info: Running transformation 'memories' on solution 'StemProcessor.v1': elapsed time 21646.02 seconds, memory usage 2091540kB, peak memory usage 2157084kB (SOL-15)
# Info: Running transformation 'memories' on solution 'StemProcessor.v1': elapsed time 21671.29 seconds, memory usage 2091540kB, peak memory usage 2157084kB (SOL-15)
# Info: Running transformation 'memories' on solution 'StemProcessor.v1': elapsed time 21699.96 seconds, memory usage 2091540kB, peak memory usage 2157084kB (SOL-15)
# Info: Running transformation 'memories' on solution 'StemProcessor.v1': elapsed time 21729.88 seconds, memory usage 2091540kB, peak memory usage 2157084kB (SOL-15)
# Info: Running transformation 'memories' on solution 'StemProcessor.v1': elapsed time 21755.28 seconds, memory usage 2091540kB, peak memory usage 2157084kB (SOL-15)
# Info: Running transformation 'memories' on solution 'StemProcessor.v1': elapsed time 21780.63 seconds, memory usage 2091540kB, peak memory usage 2157084kB (SOL-15)
# Info: Running transformation 'memories' on solution 'StemProcessor.v1': elapsed time 21806.17 seconds, memory usage 2091540kB, peak memory usage 2157084kB (SOL-15)
# Info: Running transformation 'memories' on solution 'StemProcessor.v1': elapsed time 21831.55 seconds, memory usage 2091540kB, peak memory usage 2157084kB (SOL-15)
# Info: Running transformation 'memories' on solution 'StemProcessor.v1': elapsed time 21857.28 seconds, memory usage 2091540kB, peak memory usage 2157084kB (SOL-15)
# Info: Running transformation 'memories' on solution 'StemProcessor.v1': elapsed time 21885.73 seconds, memory usage 2091540kB, peak memory usage 2157084kB (SOL-15)
# Info: Running transformation 'memories' on solution 'StemProcessor.v1': elapsed time 21915.68 seconds, memory usage 2091540kB, peak memory usage 2157084kB (SOL-15)
# Info: Running transformation 'memories' on solution 'StemProcessor.v1': elapsed time 21941.23 seconds, memory usage 2091540kB, peak memory usage 2157084kB (SOL-15)
# Info: Running transformation 'memories' on solution 'StemProcessor.v1': elapsed time 21966.96 seconds, memory usage 2091540kB, peak memory usage 2157084kB (SOL-15)
# Info: Running transformation 'memories' on solution 'StemProcessor.v1': elapsed time 21992.38 seconds, memory usage 2091540kB, peak memory usage 2157084kB (SOL-15)
# Info: Running transformation 'memories' on solution 'StemProcessor.v1': elapsed time 22017.78 seconds, memory usage 2091540kB, peak memory usage 2157084kB (SOL-15)
# Info: Running transformation 'memories' on solution 'StemProcessor.v1': elapsed time 22042.92 seconds, memory usage 2091540kB, peak memory usage 2157084kB (SOL-15)
# Info: Running transformation 'memories' on solution 'StemProcessor.v1': elapsed time 22071.53 seconds, memory usage 2091540kB, peak memory usage 2157084kB (SOL-15)
# Info: Running transformation 'memories' on solution 'StemProcessor.v1': elapsed time 22101.47 seconds, memory usage 2091540kB, peak memory usage 2157084kB (SOL-15)
# Info: Running transformation 'memories' on solution 'StemProcessor.v1': elapsed time 22126.84 seconds, memory usage 2091540kB, peak memory usage 2157084kB (SOL-15)
# Info: Running transformation 'memories' on solution 'StemProcessor.v1': elapsed time 22152.48 seconds, memory usage 2091540kB, peak memory usage 2157084kB (SOL-15)
# Info: Running transformation 'memories' on solution 'StemProcessor.v1': elapsed time 22177.80 seconds, memory usage 2091540kB, peak memory usage 2157084kB (SOL-15)
# Info: Running transformation 'memories' on solution 'StemProcessor.v1': elapsed time 22203.32 seconds, memory usage 2091540kB, peak memory usage 2157084kB (SOL-15)
# Info: Running transformation 'memories' on solution 'StemProcessor.v1': elapsed time 22228.95 seconds, memory usage 2091540kB, peak memory usage 2157084kB (SOL-15)
# Info: Running transformation 'memories' on solution 'StemProcessor.v1': elapsed time 22257.27 seconds, memory usage 2091540kB, peak memory usage 2157084kB (SOL-15)
# Info: Running transformation 'memories' on solution 'StemProcessor.v1': elapsed time 22287.20 seconds, memory usage 2091540kB, peak memory usage 2157084kB (SOL-15)
# Info: Running transformation 'memories' on solution 'StemProcessor.v1': elapsed time 22312.81 seconds, memory usage 2091540kB, peak memory usage 2157084kB (SOL-15)
# Info: Running transformation 'memories' on solution 'StemProcessor.v1': elapsed time 22338.35 seconds, memory usage 2091540kB, peak memory usage 2157084kB (SOL-15)
# Info: Running transformation 'memories' on solution 'StemProcessor.v1': elapsed time 22363.71 seconds, memory usage 2091540kB, peak memory usage 2157084kB (SOL-15)
# Info: Running transformation 'memories' on solution 'StemProcessor.v1': elapsed time 22389.27 seconds, memory usage 2091540kB, peak memory usage 2157084kB (SOL-15)
# Info: Running transformation 'memories' on solution 'StemProcessor.v1': elapsed time 22414.68 seconds, memory usage 2091540kB, peak memory usage 2157084kB (SOL-15)
# Info: Running transformation 'memories' on solution 'StemProcessor.v1': elapsed time 22443.03 seconds, memory usage 2091540kB, peak memory usage 2157084kB (SOL-15)
# Info: Running transformation 'memories' on solution 'StemProcessor.v1': elapsed time 22472.97 seconds, memory usage 2091540kB, peak memory usage 2157084kB (SOL-15)
# Info: Running transformation 'memories' on solution 'StemProcessor.v1': elapsed time 22498.42 seconds, memory usage 2091540kB, peak memory usage 2157084kB (SOL-15)
# Info: Running transformation 'memories' on solution 'StemProcessor.v1': elapsed time 22523.97 seconds, memory usage 2091540kB, peak memory usage 2157084kB (SOL-15)
# Info: Running transformation 'memories' on solution 'StemProcessor.v1': elapsed time 22549.73 seconds, memory usage 2091540kB, peak memory usage 2157084kB (SOL-15)
# Info: Running transformation 'memories' on solution 'StemProcessor.v1': elapsed time 22575.09 seconds, memory usage 2091540kB, peak memory usage 2157084kB (SOL-15)
# Info: Running transformation 'memories' on solution 'StemProcessor.v1': elapsed time 22600.55 seconds, memory usage 2091540kB, peak memory usage 2157084kB (SOL-15)
# Info: Running transformation 'memories' on solution 'StemProcessor.v1': elapsed time 22628.86 seconds, memory usage 2091540kB, peak memory usage 2157084kB (SOL-15)
# Info: Running transformation 'memories' on solution 'StemProcessor.v1': elapsed time 22658.81 seconds, memory usage 2091540kB, peak memory usage 2157084kB (SOL-15)
# Info: Running transformation 'memories' on solution 'StemProcessor.v1': elapsed time 22684.41 seconds, memory usage 2091540kB, peak memory usage 2157084kB (SOL-15)
# Info: Running transformation 'memories' on solution 'StemProcessor.v1': elapsed time 22709.99 seconds, memory usage 2091540kB, peak memory usage 2157084kB (SOL-15)
# Info: Running transformation 'memories' on solution 'StemProcessor.v1': elapsed time 22735.64 seconds, memory usage 2091540kB, peak memory usage 2157084kB (SOL-15)
# Info: Running transformation 'memories' on solution 'StemProcessor.v1': elapsed time 22761.41 seconds, memory usage 2091540kB, peak memory usage 2157084kB (SOL-15)
# Info: Running transformation 'memories' on solution 'StemProcessor.v1': elapsed time 22786.93 seconds, memory usage 2091540kB, peak memory usage 2157084kB (SOL-15)
# Info: Running transformation 'memories' on solution 'StemProcessor.v1': elapsed time 22814.84 seconds, memory usage 2091540kB, peak memory usage 2157084kB (SOL-15)
# Info: Running transformation 'memories' on solution 'StemProcessor.v1': elapsed time 22844.79 seconds, memory usage 2091540kB, peak memory usage 2157084kB (SOL-15)
# Info: Running transformation 'memories' on solution 'StemProcessor.v1': elapsed time 22870.42 seconds, memory usage 2091540kB, peak memory usage 2157084kB (SOL-15)
# Info: Running transformation 'memories' on solution 'StemProcessor.v1': elapsed time 22896.16 seconds, memory usage 2091540kB, peak memory usage 2157084kB (SOL-15)
# Info: Running transformation 'memories' on solution 'StemProcessor.v1': elapsed time 22921.14 seconds, memory usage 2091540kB, peak memory usage 2157084kB (SOL-15)
# Info: Running transformation 'memories' on solution 'StemProcessor.v1': elapsed time 22946.76 seconds, memory usage 2091540kB, peak memory usage 2157084kB (SOL-15)
# Info: Running transformation 'memories' on solution 'StemProcessor.v1': elapsed time 22972.17 seconds, memory usage 2091540kB, peak memory usage 2157084kB (SOL-15)
# Info: Running transformation 'memories' on solution 'StemProcessor.v1': elapsed time 23000.62 seconds, memory usage 2091540kB, peak memory usage 2157084kB (SOL-15)
# Info: Running transformation 'memories' on solution 'StemProcessor.v1': elapsed time 23030.56 seconds, memory usage 2091540kB, peak memory usage 2157084kB (SOL-15)
# Info: Running transformation 'memories' on solution 'StemProcessor.v1': elapsed time 23056.23 seconds, memory usage 2091540kB, peak memory usage 2157084kB (SOL-15)
# Info: Running transformation 'memories' on solution 'StemProcessor.v1': elapsed time 23081.67 seconds, memory usage 2091540kB, peak memory usage 2157084kB (SOL-15)
# Info: Running transformation 'memories' on solution 'StemProcessor.v1': elapsed time 23107.24 seconds, memory usage 2091540kB, peak memory usage 2157084kB (SOL-15)
# Info: Running transformation 'memories' on solution 'StemProcessor.v1': elapsed time 23132.94 seconds, memory usage 2091540kB, peak memory usage 2157084kB (SOL-15)
# Info: Running transformation 'memories' on solution 'StemProcessor.v1': elapsed time 23158.33 seconds, memory usage 2091540kB, peak memory usage 2157084kB (SOL-15)
# Info: Running transformation 'memories' on solution 'StemProcessor.v1': elapsed time 23186.46 seconds, memory usage 2091540kB, peak memory usage 2157084kB (SOL-15)
# Info: Running transformation 'memories' on solution 'StemProcessor.v1': elapsed time 23216.40 seconds, memory usage 2091540kB, peak memory usage 2157084kB (SOL-15)
# Info: Running transformation 'memories' on solution 'StemProcessor.v1': elapsed time 23241.95 seconds, memory usage 2091540kB, peak memory usage 2157084kB (SOL-15)
# Info: Running transformation 'memories' on solution 'StemProcessor.v1': elapsed time 23267.40 seconds, memory usage 2091540kB, peak memory usage 2157084kB (SOL-15)
# Info: Running transformation 'memories' on solution 'StemProcessor.v1': elapsed time 23293.24 seconds, memory usage 2091540kB, peak memory usage 2157084kB (SOL-15)
# Info: Running transformation 'memories' on solution 'StemProcessor.v1': elapsed time 23318.96 seconds, memory usage 2091540kB, peak memory usage 2157084kB (SOL-15)
# Info: Running transformation 'memories' on solution 'StemProcessor.v1': elapsed time 23344.52 seconds, memory usage 2091540kB, peak memory usage 2157084kB (SOL-15)
# Info: Running transformation 'memories' on solution 'StemProcessor.v1': elapsed time 23372.18 seconds, memory usage 2091540kB, peak memory usage 2157084kB (SOL-15)
# Info: Running transformation 'memories' on solution 'StemProcessor.v1': elapsed time 23402.12 seconds, memory usage 2091540kB, peak memory usage 2157084kB (SOL-15)
# Info: Running transformation 'memories' on solution 'StemProcessor.v1': elapsed time 23427.86 seconds, memory usage 2091540kB, peak memory usage 2157084kB (SOL-15)
# Info: Running transformation 'memories' on solution 'StemProcessor.v1': elapsed time 23452.99 seconds, memory usage 2091540kB, peak memory usage 2157084kB (SOL-15)
# Info: Running transformation 'memories' on solution 'StemProcessor.v1': elapsed time 23478.47 seconds, memory usage 2091540kB, peak memory usage 2157084kB (SOL-15)
# Info: Running transformation 'memories' on solution 'StemProcessor.v1': elapsed time 23503.76 seconds, memory usage 2091540kB, peak memory usage 2157084kB (SOL-15)
# Info: Running transformation 'memories' on solution 'StemProcessor.v1': elapsed time 23529.45 seconds, memory usage 2091540kB, peak memory usage 2157084kB (SOL-15)
# Info: Running transformation 'memories' on solution 'StemProcessor.v1': elapsed time 23558.00 seconds, memory usage 2091540kB, peak memory usage 2157084kB (SOL-15)
# Info: Running transformation 'memories' on solution 'StemProcessor.v1': elapsed time 23587.94 seconds, memory usage 2091540kB, peak memory usage 2157084kB (SOL-15)
# Info: Running transformation 'memories' on solution 'StemProcessor.v1': elapsed time 23613.50 seconds, memory usage 2091540kB, peak memory usage 2157084kB (SOL-15)
# Info: Running transformation 'memories' on solution 'StemProcessor.v1': elapsed time 23638.77 seconds, memory usage 2091540kB, peak memory usage 2157084kB (SOL-15)
# Info: Running transformation 'memories' on solution 'StemProcessor.v1': elapsed time 23664.31 seconds, memory usage 2091540kB, peak memory usage 2157084kB (SOL-15)
# Info: Running transformation 'memories' on solution 'StemProcessor.v1': elapsed time 23690.01 seconds, memory usage 2091540kB, peak memory usage 2157084kB (SOL-15)
# Info: Running transformation 'memories' on solution 'StemProcessor.v1': elapsed time 23715.66 seconds, memory usage 2091540kB, peak memory usage 2157084kB (SOL-15)
# Info: Running transformation 'memories' on solution 'StemProcessor.v1': elapsed time 23743.87 seconds, memory usage 2091540kB, peak memory usage 2157084kB (SOL-15)
# Info: Running transformation 'memories' on solution 'StemProcessor.v1': elapsed time 23773.81 seconds, memory usage 2091540kB, peak memory usage 2157084kB (SOL-15)
# Info: Running transformation 'memories' on solution 'StemProcessor.v1': elapsed time 23799.53 seconds, memory usage 2091540kB, peak memory usage 2157084kB (SOL-15)
# Info: Running transformation 'memories' on solution 'StemProcessor.v1': elapsed time 23824.88 seconds, memory usage 2091540kB, peak memory usage 2157084kB (SOL-15)
# Info: Running transformation 'memories' on solution 'StemProcessor.v1': elapsed time 23850.04 seconds, memory usage 2091540kB, peak memory usage 2157084kB (SOL-15)
# Info: Running transformation 'memories' on solution 'StemProcessor.v1': elapsed time 23875.14 seconds, memory usage 2091540kB, peak memory usage 2157084kB (SOL-15)
# Info: Running transformation 'memories' on solution 'StemProcessor.v1': elapsed time 23900.65 seconds, memory usage 2091540kB, peak memory usage 2157084kB (SOL-15)
# Info: Running transformation 'memories' on solution 'StemProcessor.v1': elapsed time 23929.64 seconds, memory usage 2091540kB, peak memory usage 2157084kB (SOL-15)
# Info: Running transformation 'memories' on solution 'StemProcessor.v1': elapsed time 23959.57 seconds, memory usage 2091540kB, peak memory usage 2157084kB (SOL-15)
# Info: Running transformation 'memories' on solution 'StemProcessor.v1': elapsed time 23984.97 seconds, memory usage 2091540kB, peak memory usage 2157084kB (SOL-15)
# Info: Running transformation 'memories' on solution 'StemProcessor.v1': elapsed time 24010.46 seconds, memory usage 2091540kB, peak memory usage 2157084kB (SOL-15)
# Info: Running transformation 'memories' on solution 'StemProcessor.v1': elapsed time 24035.93 seconds, memory usage 2091540kB, peak memory usage 2157084kB (SOL-15)
# Info: Running transformation 'memories' on solution 'StemProcessor.v1': elapsed time 24061.36 seconds, memory usage 2091540kB, peak memory usage 2157084kB (SOL-15)
# Info: Running transformation 'memories' on solution 'StemProcessor.v1': elapsed time 24086.61 seconds, memory usage 2091540kB, peak memory usage 2157084kB (SOL-15)
# Info: Running transformation 'memories' on solution 'StemProcessor.v1': elapsed time 24115.50 seconds, memory usage 2091540kB, peak memory usage 2157084kB (SOL-15)
# Info: Running transformation 'memories' on solution 'StemProcessor.v1': elapsed time 24145.44 seconds, memory usage 2091540kB, peak memory usage 2157084kB (SOL-15)
# Info: Running transformation 'memories' on solution 'StemProcessor.v1': elapsed time 24170.98 seconds, memory usage 2091540kB, peak memory usage 2157084kB (SOL-15)
# Info: Running transformation 'memories' on solution 'StemProcessor.v1': elapsed time 24196.52 seconds, memory usage 2091540kB, peak memory usage 2157084kB (SOL-15)
# Info: Running transformation 'memories' on solution 'StemProcessor.v1': elapsed time 24222.16 seconds, memory usage 2091540kB, peak memory usage 2157084kB (SOL-15)
# Info: Running transformation 'memories' on solution 'StemProcessor.v1': elapsed time 24247.62 seconds, memory usage 2091540kB, peak memory usage 2157084kB (SOL-15)
# Info: Running transformation 'memories' on solution 'StemProcessor.v1': elapsed time 24273.05 seconds, memory usage 2091540kB, peak memory usage 2157084kB (SOL-15)
# Info: Running transformation 'memories' on solution 'StemProcessor.v1': elapsed time 24301.36 seconds, memory usage 2091540kB, peak memory usage 2157084kB (SOL-15)
# Info: Running transformation 'memories' on solution 'StemProcessor.v1': elapsed time 24331.29 seconds, memory usage 2091540kB, peak memory usage 2157084kB (SOL-15)
# Info: Running transformation 'memories' on solution 'StemProcessor.v1': elapsed time 24356.63 seconds, memory usage 2091540kB, peak memory usage 2157084kB (SOL-15)
# Info: Running transformation 'memories' on solution 'StemProcessor.v1': elapsed time 24382.15 seconds, memory usage 2091540kB, peak memory usage 2157084kB (SOL-15)
# Info: Running transformation 'memories' on solution 'StemProcessor.v1': elapsed time 24407.67 seconds, memory usage 2091540kB, peak memory usage 2157084kB (SOL-15)
# Info: Running transformation 'memories' on solution 'StemProcessor.v1': elapsed time 24433.00 seconds, memory usage 2091540kB, peak memory usage 2157084kB (SOL-15)
# Info: Running transformation 'memories' on solution 'StemProcessor.v1': elapsed time 24458.45 seconds, memory usage 2091540kB, peak memory usage 2157084kB (SOL-15)
# Info: Running transformation 'memories' on solution 'StemProcessor.v1': elapsed time 24487.40 seconds, memory usage 2091540kB, peak memory usage 2157084kB (SOL-15)
# Info: Running transformation 'memories' on solution 'StemProcessor.v1': elapsed time 24517.34 seconds, memory usage 2091540kB, peak memory usage 2157084kB (SOL-15)
# Info: Running transformation 'memories' on solution 'StemProcessor.v1': elapsed time 24543.07 seconds, memory usage 2091540kB, peak memory usage 2157084kB (SOL-15)
# Info: Running transformation 'memories' on solution 'StemProcessor.v1': elapsed time 24568.21 seconds, memory usage 2091540kB, peak memory usage 2157084kB (SOL-15)
# Info: Running transformation 'memories' on solution 'StemProcessor.v1': elapsed time 24593.87 seconds, memory usage 2091540kB, peak memory usage 2157084kB (SOL-15)
# Info: Running transformation 'memories' on solution 'StemProcessor.v1': elapsed time 24619.17 seconds, memory usage 2091540kB, peak memory usage 2157084kB (SOL-15)
# Info: Running transformation 'memories' on solution 'StemProcessor.v1': elapsed time 24644.81 seconds, memory usage 2091540kB, peak memory usage 2157084kB (SOL-15)
# Info: Running transformation 'memories' on solution 'StemProcessor.v1': elapsed time 24673.24 seconds, memory usage 2091540kB, peak memory usage 2157084kB (SOL-15)
# Info: Running transformation 'memories' on solution 'StemProcessor.v1': elapsed time 24703.18 seconds, memory usage 2091540kB, peak memory usage 2157084kB (SOL-15)
# Info: Running transformation 'memories' on solution 'StemProcessor.v1': elapsed time 24728.38 seconds, memory usage 2091540kB, peak memory usage 2157084kB (SOL-15)
# Info: Running transformation 'memories' on solution 'StemProcessor.v1': elapsed time 24753.81 seconds, memory usage 2091540kB, peak memory usage 2157084kB (SOL-15)
# Info: Running transformation 'memories' on solution 'StemProcessor.v1': elapsed time 24779.38 seconds, memory usage 2091540kB, peak memory usage 2157084kB (SOL-15)
# Info: Running transformation 'memories' on solution 'StemProcessor.v1': elapsed time 24804.72 seconds, memory usage 2091540kB, peak memory usage 2157084kB (SOL-15)
# Info: Running transformation 'memories' on solution 'StemProcessor.v1': elapsed time 24830.59 seconds, memory usage 2157076kB, peak memory usage 2157084kB (SOL-15)
# Info: Running transformation 'memories' on solution 'StemProcessor.v1': elapsed time 24859.90 seconds, memory usage 2157076kB, peak memory usage 2157084kB (SOL-15)
# Info: Running transformation 'memories' on solution 'StemProcessor.v1': elapsed time 24890.57 seconds, memory usage 2157076kB, peak memory usage 2157084kB (SOL-15)
# Info: Running transformation 'memories' on solution 'StemProcessor.v1': elapsed time 24916.18 seconds, memory usage 2157076kB, peak memory usage 2157084kB (SOL-15)
# Info: Running transformation 'memories' on solution 'StemProcessor.v1': elapsed time 24941.71 seconds, memory usage 2157076kB, peak memory usage 2157084kB (SOL-15)
# Info: Running transformation 'memories' on solution 'StemProcessor.v1': elapsed time 24967.10 seconds, memory usage 2157076kB, peak memory usage 2157084kB (SOL-15)
# Info: Running transformation 'memories' on solution 'StemProcessor.v1': elapsed time 24992.80 seconds, memory usage 2157076kB, peak memory usage 2157084kB (SOL-15)
# Info: Running transformation 'memories' on solution 'StemProcessor.v1': elapsed time 25018.48 seconds, memory usage 2157076kB, peak memory usage 2157084kB (SOL-15)
# Info: Running transformation 'memories' on solution 'StemProcessor.v1': elapsed time 25046.50 seconds, memory usage 2157076kB, peak memory usage 2157084kB (SOL-15)
# Info: Running transformation 'memories' on solution 'StemProcessor.v1': elapsed time 25076.44 seconds, memory usage 2157076kB, peak memory usage 2157084kB (SOL-15)
# Info: Running transformation 'memories' on solution 'StemProcessor.v1': elapsed time 25101.78 seconds, memory usage 2157076kB, peak memory usage 2157084kB (SOL-15)
# Info: Running transformation 'memories' on solution 'StemProcessor.v1': elapsed time 25127.58 seconds, memory usage 2157076kB, peak memory usage 2157084kB (SOL-15)
# Info: Running transformation 'memories' on solution 'StemProcessor.v1': elapsed time 25153.03 seconds, memory usage 2157076kB, peak memory usage 2157084kB (SOL-15)
# Info: Running transformation 'memories' on solution 'StemProcessor.v1': elapsed time 25178.76 seconds, memory usage 2157076kB, peak memory usage 2157084kB (SOL-15)
# Info: Running transformation 'memories' on solution 'StemProcessor.v1': elapsed time 25204.64 seconds, memory usage 2157076kB, peak memory usage 2157084kB (SOL-15)
# Info: Running transformation 'memories' on solution 'StemProcessor.v1': elapsed time 25233.09 seconds, memory usage 2157076kB, peak memory usage 2157084kB (SOL-15)
# Info: Running transformation 'memories' on solution 'StemProcessor.v1': elapsed time 25263.26 seconds, memory usage 2157076kB, peak memory usage 2157084kB (SOL-15)
# Info: Running transformation 'memories' on solution 'StemProcessor.v1': elapsed time 25288.74 seconds, memory usage 2157076kB, peak memory usage 2157084kB (SOL-15)
# Info: Running transformation 'memories' on solution 'StemProcessor.v1': elapsed time 25314.33 seconds, memory usage 2157076kB, peak memory usage 2157084kB (SOL-15)
# Info: Running transformation 'memories' on solution 'StemProcessor.v1': elapsed time 25339.91 seconds, memory usage 2157076kB, peak memory usage 2157084kB (SOL-15)
# Info: Running transformation 'memories' on solution 'StemProcessor.v1': elapsed time 25365.53 seconds, memory usage 2157076kB, peak memory usage 2157084kB (SOL-15)
# Info: Running transformation 'memories' on solution 'StemProcessor.v1': elapsed time 25390.53 seconds, memory usage 2157076kB, peak memory usage 2157084kB (SOL-15)
# Info: Running transformation 'memories' on solution 'StemProcessor.v1': elapsed time 25419.64 seconds, memory usage 2157076kB, peak memory usage 2157084kB (SOL-15)
# Info: Running transformation 'memories' on solution 'StemProcessor.v1': elapsed time 25449.67 seconds, memory usage 2157076kB, peak memory usage 2157084kB (SOL-15)
# Info: Running transformation 'memories' on solution 'StemProcessor.v1': elapsed time 25475.24 seconds, memory usage 2157076kB, peak memory usage 2157084kB (SOL-15)
# Info: Running transformation 'memories' on solution 'StemProcessor.v1': elapsed time 25500.65 seconds, memory usage 2157076kB, peak memory usage 2157084kB (SOL-15)
# Info: Running transformation 'memories' on solution 'StemProcessor.v1': elapsed time 25525.99 seconds, memory usage 2157076kB, peak memory usage 2157084kB (SOL-15)
# Info: Running transformation 'memories' on solution 'StemProcessor.v1': elapsed time 25551.33 seconds, memory usage 2157076kB, peak memory usage 2157084kB (SOL-15)
# Info: Running transformation 'memories' on solution 'StemProcessor.v1': elapsed time 25576.84 seconds, memory usage 2157076kB, peak memory usage 2157084kB (SOL-15)
# Info: Running transformation 'memories' on solution 'StemProcessor.v1': elapsed time 25605.72 seconds, memory usage 2157076kB, peak memory usage 2157084kB (SOL-15)
# Info: Running transformation 'memories' on solution 'StemProcessor.v1': elapsed time 25635.67 seconds, memory usage 2157076kB, peak memory usage 2157084kB (SOL-15)
# Info: Running transformation 'memories' on solution 'StemProcessor.v1': elapsed time 25660.96 seconds, memory usage 2157076kB, peak memory usage 2157084kB (SOL-15)
# Info: Running transformation 'memories' on solution 'StemProcessor.v1': elapsed time 25686.42 seconds, memory usage 2157076kB, peak memory usage 2157084kB (SOL-15)
# Info: Running transformation 'memories' on solution 'StemProcessor.v1': elapsed time 25712.04 seconds, memory usage 2157076kB, peak memory usage 2157084kB (SOL-15)
# Info: Running transformation 'memories' on solution 'StemProcessor.v1': elapsed time 25737.35 seconds, memory usage 2157076kB, peak memory usage 2157084kB (SOL-15)
# Info: Running transformation 'memories' on solution 'StemProcessor.v1': elapsed time 25762.44 seconds, memory usage 2157076kB, peak memory usage 2157084kB (SOL-15)
# Info: Running transformation 'memories' on solution 'StemProcessor.v1': elapsed time 25791.59 seconds, memory usage 2157076kB, peak memory usage 2157084kB (SOL-15)
# Info: Running transformation 'memories' on solution 'StemProcessor.v1': elapsed time 25821.52 seconds, memory usage 2157076kB, peak memory usage 2157084kB (SOL-15)
# Info: Running transformation 'memories' on solution 'StemProcessor.v1': elapsed time 25846.66 seconds, memory usage 2157076kB, peak memory usage 2157084kB (SOL-15)
# Info: Running transformation 'memories' on solution 'StemProcessor.v1': elapsed time 25872.34 seconds, memory usage 2157076kB, peak memory usage 2157084kB (SOL-15)
# Info: Running transformation 'memories' on solution 'StemProcessor.v1': elapsed time 25897.87 seconds, memory usage 2157076kB, peak memory usage 2157084kB (SOL-15)
# Info: Running transformation 'memories' on solution 'StemProcessor.v1': elapsed time 25923.26 seconds, memory usage 2157076kB, peak memory usage 2157084kB (SOL-15)
# Info: Running transformation 'memories' on solution 'StemProcessor.v1': elapsed time 25948.74 seconds, memory usage 2157076kB, peak memory usage 2157084kB (SOL-15)
# Info: Running transformation 'memories' on solution 'StemProcessor.v1': elapsed time 25977.27 seconds, memory usage 2157076kB, peak memory usage 2157084kB (SOL-15)
# Info: Running transformation 'memories' on solution 'StemProcessor.v1': elapsed time 26007.22 seconds, memory usage 2157076kB, peak memory usage 2157084kB (SOL-15)
# Info: Running transformation 'memories' on solution 'StemProcessor.v1': elapsed time 26032.49 seconds, memory usage 2157076kB, peak memory usage 2157084kB (SOL-15)
# Info: Running transformation 'memories' on solution 'StemProcessor.v1': elapsed time 26057.88 seconds, memory usage 2157076kB, peak memory usage 2157084kB (SOL-15)
# Info: Running transformation 'memories' on solution 'StemProcessor.v1': elapsed time 26083.19 seconds, memory usage 2157076kB, peak memory usage 2157084kB (SOL-15)
# Info: Running transformation 'memories' on solution 'StemProcessor.v1': elapsed time 26108.48 seconds, memory usage 2157076kB, peak memory usage 2157084kB (SOL-15)
# Info: Running transformation 'memories' on solution 'StemProcessor.v1': elapsed time 26133.85 seconds, memory usage 2157076kB, peak memory usage 2157084kB (SOL-15)
# Info: Running transformation 'memories' on solution 'StemProcessor.v1': elapsed time 26163.05 seconds, memory usage 2157076kB, peak memory usage 2157084kB (SOL-15)
# Info: Running transformation 'memories' on solution 'StemProcessor.v1': elapsed time 26192.99 seconds, memory usage 2157076kB, peak memory usage 2157084kB (SOL-15)
# Info: Running transformation 'memories' on solution 'StemProcessor.v1': elapsed time 26218.35 seconds, memory usage 2157076kB, peak memory usage 2157084kB (SOL-15)
# Info: Running transformation 'memories' on solution 'StemProcessor.v1': elapsed time 26243.64 seconds, memory usage 2157076kB, peak memory usage 2157084kB (SOL-15)
# Info: Running transformation 'memories' on solution 'StemProcessor.v1': elapsed time 26268.99 seconds, memory usage 2157076kB, peak memory usage 2157084kB (SOL-15)
# Info: Running transformation 'memories' on solution 'StemProcessor.v1': elapsed time 26294.66 seconds, memory usage 2157076kB, peak memory usage 2157084kB (SOL-15)
# Info: Running transformation 'memories' on solution 'StemProcessor.v1': elapsed time 26320.11 seconds, memory usage 2157076kB, peak memory usage 2157084kB (SOL-15)
# Info: Running transformation 'memories' on solution 'StemProcessor.v1': elapsed time 26348.87 seconds, memory usage 2157076kB, peak memory usage 2157084kB (SOL-15)
# Info: Running transformation 'memories' on solution 'StemProcessor.v1': elapsed time 26378.81 seconds, memory usage 2157076kB, peak memory usage 2157084kB (SOL-15)
# Info: Running transformation 'memories' on solution 'StemProcessor.v1': elapsed time 26404.57 seconds, memory usage 2157076kB, peak memory usage 2157084kB (SOL-15)
# Info: Running transformation 'memories' on solution 'StemProcessor.v1': elapsed time 26430.04 seconds, memory usage 2157076kB, peak memory usage 2157084kB (SOL-15)
# Info: Running transformation 'memories' on solution 'StemProcessor.v1': elapsed time 26455.65 seconds, memory usage 2157076kB, peak memory usage 2157084kB (SOL-15)
# Info: Running transformation 'memories' on solution 'StemProcessor.v1': elapsed time 26481.13 seconds, memory usage 2157076kB, peak memory usage 2157084kB (SOL-15)
# Info: Running transformation 'memories' on solution 'StemProcessor.v1': elapsed time 26506.80 seconds, memory usage 2157076kB, peak memory usage 2157084kB (SOL-15)
# Info: Running transformation 'memories' on solution 'StemProcessor.v1': elapsed time 26534.82 seconds, memory usage 2157076kB, peak memory usage 2157084kB (SOL-15)
# Info: Running transformation 'memories' on solution 'StemProcessor.v1': elapsed time 26564.75 seconds, memory usage 2157076kB, peak memory usage 2157084kB (SOL-15)
# Info: Running transformation 'memories' on solution 'StemProcessor.v1': elapsed time 26590.11 seconds, memory usage 2157076kB, peak memory usage 2157084kB (SOL-15)
# Info: Running transformation 'memories' on solution 'StemProcessor.v1': elapsed time 26615.73 seconds, memory usage 2157076kB, peak memory usage 2157084kB (SOL-15)
# Info: Running transformation 'memories' on solution 'StemProcessor.v1': elapsed time 26641.28 seconds, memory usage 2157076kB, peak memory usage 2157084kB (SOL-15)
# Info: Running transformation 'memories' on solution 'StemProcessor.v1': elapsed time 26667.01 seconds, memory usage 2157076kB, peak memory usage 2157084kB (SOL-15)
# Info: Running transformation 'memories' on solution 'StemProcessor.v1': elapsed time 26692.59 seconds, memory usage 2157076kB, peak memory usage 2157084kB (SOL-15)
# Info: Running transformation 'memories' on solution 'StemProcessor.v1': elapsed time 26720.59 seconds, memory usage 2157076kB, peak memory usage 2157084kB (SOL-15)
# Info: Running transformation 'memories' on solution 'StemProcessor.v1': elapsed time 26750.53 seconds, memory usage 2157076kB, peak memory usage 2157084kB (SOL-15)
# Info: Running transformation 'memories' on solution 'StemProcessor.v1': elapsed time 26776.05 seconds, memory usage 2157076kB, peak memory usage 2157084kB (SOL-15)
# Info: Running transformation 'memories' on solution 'StemProcessor.v1': elapsed time 26801.30 seconds, memory usage 2157076kB, peak memory usage 2157084kB (SOL-15)
# Info: Running transformation 'memories' on solution 'StemProcessor.v1': elapsed time 26825.65 seconds, memory usage 2157076kB, peak memory usage 2157084kB (SOL-15)
# Info: Running transformation 'memories' on solution 'StemProcessor.v1': elapsed time 26851.02 seconds, memory usage 2157076kB, peak memory usage 2157084kB (SOL-15)
# Info: Running transformation 'memories' on solution 'StemProcessor.v1': elapsed time 26876.35 seconds, memory usage 2157076kB, peak memory usage 2157084kB (SOL-15)
# Info: Running transformation 'memories' on solution 'StemProcessor.v1': elapsed time 26906.29 seconds, memory usage 2157076kB, peak memory usage 2157084kB (SOL-15)
# Info: Running transformation 'memories' on solution 'StemProcessor.v1': elapsed time 26931.55 seconds, memory usage 2157076kB, peak memory usage 2157084kB (SOL-15)
# Info: Running transformation 'memories' on solution 'StemProcessor.v1': elapsed time 26956.97 seconds, memory usage 2157076kB, peak memory usage 2157084kB (SOL-15)
# Info: Running transformation 'memories' on solution 'StemProcessor.v1': elapsed time 26981.95 seconds, memory usage 2157076kB, peak memory usage 2157084kB (SOL-15)
# Info: Running transformation 'memories' on solution 'StemProcessor.v1': elapsed time 27007.56 seconds, memory usage 2157076kB, peak memory usage 2157084kB (SOL-15)
# Info: Running transformation 'memories' on solution 'StemProcessor.v1': elapsed time 27033.17 seconds, memory usage 2157076kB, peak memory usage 2157084kB (SOL-15)
# Info: Running transformation 'memories' on solution 'StemProcessor.v1': elapsed time 27061.19 seconds, memory usage 2157076kB, peak memory usage 2157084kB (SOL-15)
# Info: Running transformation 'memories' on solution 'StemProcessor.v1': elapsed time 27091.16 seconds, memory usage 2157076kB, peak memory usage 2157084kB (SOL-15)
# Info: Running transformation 'memories' on solution 'StemProcessor.v1': elapsed time 27116.62 seconds, memory usage 2157076kB, peak memory usage 2157084kB (SOL-15)
# Info: Running transformation 'memories' on solution 'StemProcessor.v1': elapsed time 27141.99 seconds, memory usage 2157076kB, peak memory usage 2157084kB (SOL-15)
# Info: Running transformation 'memories' on solution 'StemProcessor.v1': elapsed time 27167.20 seconds, memory usage 2157076kB, peak memory usage 2157084kB (SOL-15)
# Info: Running transformation 'memories' on solution 'StemProcessor.v1': elapsed time 27192.16 seconds, memory usage 2157076kB, peak memory usage 2157084kB (SOL-15)
# Info: Running transformation 'memories' on solution 'StemProcessor.v1': elapsed time 27217.84 seconds, memory usage 2157076kB, peak memory usage 2157084kB (SOL-15)
# Info: Running transformation 'memories' on solution 'StemProcessor.v1': elapsed time 27247.38 seconds, memory usage 2157076kB, peak memory usage 2157084kB (SOL-15)
# Info: Running transformation 'memories' on solution 'StemProcessor.v1': elapsed time 27277.33 seconds, memory usage 2157076kB, peak memory usage 2157084kB (SOL-15)
# Info: Running transformation 'memories' on solution 'StemProcessor.v1': elapsed time 27302.95 seconds, memory usage 2157076kB, peak memory usage 2157084kB (SOL-15)
# Info: Running transformation 'memories' on solution 'StemProcessor.v1': elapsed time 27328.49 seconds, memory usage 2157076kB, peak memory usage 2157084kB (SOL-15)
# Info: Running transformation 'memories' on solution 'StemProcessor.v1': elapsed time 27353.94 seconds, memory usage 2157076kB, peak memory usage 2157084kB (SOL-15)
# Info: Running transformation 'memories' on solution 'StemProcessor.v1': elapsed time 27379.53 seconds, memory usage 2157076kB, peak memory usage 2157084kB (SOL-15)
# Info: Running transformation 'memories' on solution 'StemProcessor.v1': elapsed time 27404.78 seconds, memory usage 2157076kB, peak memory usage 2157084kB (SOL-15)
# Info: Running transformation 'memories' on solution 'StemProcessor.v1': elapsed time 27433.12 seconds, memory usage 2157076kB, peak memory usage 2157084kB (SOL-15)
# Info: Running transformation 'memories' on solution 'StemProcessor.v1': elapsed time 27463.06 seconds, memory usage 2157076kB, peak memory usage 2157084kB (SOL-15)
# Info: Running transformation 'memories' on solution 'StemProcessor.v1': elapsed time 27488.48 seconds, memory usage 2157076kB, peak memory usage 2157084kB (SOL-15)
# Info: Running transformation 'memories' on solution 'StemProcessor.v1': elapsed time 27514.19 seconds, memory usage 2157076kB, peak memory usage 2157084kB (SOL-15)
# Info: Running transformation 'memories' on solution 'StemProcessor.v1': elapsed time 27539.38 seconds, memory usage 2157076kB, peak memory usage 2157084kB (SOL-15)
# Info: Running transformation 'memories' on solution 'StemProcessor.v1': elapsed time 27564.68 seconds, memory usage 2157076kB, peak memory usage 2157084kB (SOL-15)
# Info: Running transformation 'memories' on solution 'StemProcessor.v1': elapsed time 27590.20 seconds, memory usage 2157076kB, peak memory usage 2157084kB (SOL-15)
# Info: Running transformation 'memories' on solution 'StemProcessor.v1': elapsed time 27618.89 seconds, memory usage 2157076kB, peak memory usage 2157084kB (SOL-15)
# Info: Running transformation 'memories' on solution 'StemProcessor.v1': elapsed time 27648.83 seconds, memory usage 2157076kB, peak memory usage 2157084kB (SOL-15)
# Info: Running transformation 'memories' on solution 'StemProcessor.v1': elapsed time 27673.81 seconds, memory usage 2157076kB, peak memory usage 2157084kB (SOL-15)
# Info: Running transformation 'memories' on solution 'StemProcessor.v1': elapsed time 27699.04 seconds, memory usage 2157076kB, peak memory usage 2157084kB (SOL-15)
# Info: Running transformation 'memories' on solution 'StemProcessor.v1': elapsed time 27724.59 seconds, memory usage 2157076kB, peak memory usage 2157084kB (SOL-15)
# Info: Running transformation 'memories' on solution 'StemProcessor.v1': elapsed time 27749.96 seconds, memory usage 2157076kB, peak memory usage 2157084kB (SOL-15)
# Info: Running transformation 'memories' on solution 'StemProcessor.v1': elapsed time 27775.53 seconds, memory usage 2157076kB, peak memory usage 2157084kB (SOL-15)
# Info: Running transformation 'memories' on solution 'StemProcessor.v1': elapsed time 27804.68 seconds, memory usage 2157076kB, peak memory usage 2157084kB (SOL-15)
# Info: Running transformation 'memories' on solution 'StemProcessor.v1': elapsed time 27834.62 seconds, memory usage 2157076kB, peak memory usage 2157084kB (SOL-15)
# Info: Running transformation 'memories' on solution 'StemProcessor.v1': elapsed time 27859.99 seconds, memory usage 2157076kB, peak memory usage 2157084kB (SOL-15)
# Info: Running transformation 'memories' on solution 'StemProcessor.v1': elapsed time 27885.32 seconds, memory usage 2157076kB, peak memory usage 2157084kB (SOL-15)
# Info: Running transformation 'memories' on solution 'StemProcessor.v1': elapsed time 27911.03 seconds, memory usage 2157076kB, peak memory usage 2157084kB (SOL-15)
# Info: Running transformation 'memories' on solution 'StemProcessor.v1': elapsed time 27936.60 seconds, memory usage 2157076kB, peak memory usage 2157084kB (SOL-15)
# Info: Running transformation 'memories' on solution 'StemProcessor.v1': elapsed time 27961.93 seconds, memory usage 2157076kB, peak memory usage 2157084kB (SOL-15)
# Info: Running transformation 'memories' on solution 'StemProcessor.v1': elapsed time 27990.45 seconds, memory usage 2157076kB, peak memory usage 2157084kB (SOL-15)
# Info: Running transformation 'memories' on solution 'StemProcessor.v1': elapsed time 28020.39 seconds, memory usage 2157076kB, peak memory usage 2157084kB (SOL-15)
# Info: Running transformation 'memories' on solution 'StemProcessor.v1': elapsed time 28045.62 seconds, memory usage 2157076kB, peak memory usage 2157084kB (SOL-15)
# Info: Running transformation 'memories' on solution 'StemProcessor.v1': elapsed time 28071.00 seconds, memory usage 2157076kB, peak memory usage 2157084kB (SOL-15)
# Info: Running transformation 'memories' on solution 'StemProcessor.v1': elapsed time 28096.68 seconds, memory usage 2157076kB, peak memory usage 2157084kB (SOL-15)
# Info: Running transformation 'memories' on solution 'StemProcessor.v1': elapsed time 28122.36 seconds, memory usage 2157076kB, peak memory usage 2157084kB (SOL-15)
# Info: Running transformation 'memories' on solution 'StemProcessor.v1': elapsed time 28147.69 seconds, memory usage 2157076kB, peak memory usage 2157084kB (SOL-15)
# Info: Running transformation 'memories' on solution 'StemProcessor.v1': elapsed time 28176.30 seconds, memory usage 2157076kB, peak memory usage 2157084kB (SOL-15)
# Info: Running transformation 'memories' on solution 'StemProcessor.v1': elapsed time 28206.24 seconds, memory usage 2157076kB, peak memory usage 2157084kB (SOL-15)
# Info: Running transformation 'memories' on solution 'StemProcessor.v1': elapsed time 28231.68 seconds, memory usage 2157076kB, peak memory usage 2157084kB (SOL-15)
# Info: Running transformation 'memories' on solution 'StemProcessor.v1': elapsed time 28257.27 seconds, memory usage 2157076kB, peak memory usage 2157084kB (SOL-15)
# Info: Running transformation 'memories' on solution 'StemProcessor.v1': elapsed time 28282.70 seconds, memory usage 2157076kB, peak memory usage 2157084kB (SOL-15)
# Info: Running transformation 'memories' on solution 'StemProcessor.v1': elapsed time 28308.11 seconds, memory usage 2157076kB, peak memory usage 2157084kB (SOL-15)
# Info: Running transformation 'memories' on solution 'StemProcessor.v1': elapsed time 28333.62 seconds, memory usage 2157076kB, peak memory usage 2157084kB (SOL-15)
# Info: Running transformation 'memories' on solution 'StemProcessor.v1': elapsed time 28362.09 seconds, memory usage 2157076kB, peak memory usage 2157084kB (SOL-15)
# Info: Running transformation 'memories' on solution 'StemProcessor.v1': elapsed time 28392.04 seconds, memory usage 2157076kB, peak memory usage 2157084kB (SOL-15)
# Info: Running transformation 'memories' on solution 'StemProcessor.v1': elapsed time 28417.61 seconds, memory usage 2157076kB, peak memory usage 2157084kB (SOL-15)
# Info: Running transformation 'memories' on solution 'StemProcessor.v1': elapsed time 28442.63 seconds, memory usage 2157076kB, peak memory usage 2157084kB (SOL-15)
# Info: Running transformation 'memories' on solution 'StemProcessor.v1': elapsed time 28468.14 seconds, memory usage 2157076kB, peak memory usage 2157084kB (SOL-15)
# Info: Running transformation 'memories' on solution 'StemProcessor.v1': elapsed time 28493.74 seconds, memory usage 2157076kB, peak memory usage 2157084kB (SOL-15)
# Info: Running transformation 'memories' on solution 'StemProcessor.v1': elapsed time 28519.20 seconds, memory usage 2157076kB, peak memory usage 2157084kB (SOL-15)
# Info: Running transformation 'memories' on solution 'StemProcessor.v1': elapsed time 28547.84 seconds, memory usage 2157076kB, peak memory usage 2157084kB (SOL-15)
# Info: Running transformation 'memories' on solution 'StemProcessor.v1': elapsed time 28577.78 seconds, memory usage 2157076kB, peak memory usage 2157084kB (SOL-15)
# Info: Running transformation 'memories' on solution 'StemProcessor.v1': elapsed time 28603.28 seconds, memory usage 2157076kB, peak memory usage 2157084kB (SOL-15)
# Info: Running transformation 'memories' on solution 'StemProcessor.v1': elapsed time 28628.80 seconds, memory usage 2157076kB, peak memory usage 2157084kB (SOL-15)
# Info: Running transformation 'memories' on solution 'StemProcessor.v1': elapsed time 28654.08 seconds, memory usage 2157076kB, peak memory usage 2157084kB (SOL-15)
# Info: Running transformation 'memories' on solution 'StemProcessor.v1': elapsed time 28679.41 seconds, memory usage 2157076kB, peak memory usage 2157084kB (SOL-15)
# Info: Running transformation 'memories' on solution 'StemProcessor.v1': elapsed time 28705.07 seconds, memory usage 2157076kB, peak memory usage 2157084kB (SOL-15)
# Info: Running transformation 'memories' on solution 'StemProcessor.v1': elapsed time 28733.86 seconds, memory usage 2157076kB, peak memory usage 2157084kB (SOL-15)
# Info: Running transformation 'memories' on solution 'StemProcessor.v1': elapsed time 28763.81 seconds, memory usage 2157076kB, peak memory usage 2157084kB (SOL-15)
# Info: Running transformation 'memories' on solution 'StemProcessor.v1': elapsed time 28789.41 seconds, memory usage 2157076kB, peak memory usage 2157084kB (SOL-15)
# Info: Running transformation 'memories' on solution 'StemProcessor.v1': elapsed time 28814.96 seconds, memory usage 2157076kB, peak memory usage 2157084kB (SOL-15)
# Info: Running transformation 'memories' on solution 'StemProcessor.v1': elapsed time 28840.75 seconds, memory usage 2157076kB, peak memory usage 2157084kB (SOL-15)
# Info: Running transformation 'memories' on solution 'StemProcessor.v1': elapsed time 28866.15 seconds, memory usage 2157076kB, peak memory usage 2157084kB (SOL-15)
# Info: Running transformation 'memories' on solution 'StemProcessor.v1': elapsed time 28891.56 seconds, memory usage 2157076kB, peak memory usage 2157084kB (SOL-15)
# Info: Running transformation 'memories' on solution 'StemProcessor.v1': elapsed time 28919.67 seconds, memory usage 2157076kB, peak memory usage 2157084kB (SOL-15)
# Info: Running transformation 'memories' on solution 'StemProcessor.v1': elapsed time 28949.61 seconds, memory usage 2157076kB, peak memory usage 2157084kB (SOL-15)
# Info: Running transformation 'memories' on solution 'StemProcessor.v1': elapsed time 28975.26 seconds, memory usage 2157076kB, peak memory usage 2157084kB (SOL-15)
# Info: Running transformation 'memories' on solution 'StemProcessor.v1': elapsed time 29000.85 seconds, memory usage 2157076kB, peak memory usage 2157084kB (SOL-15)
# Info: Running transformation 'memories' on solution 'StemProcessor.v1': elapsed time 29026.40 seconds, memory usage 2157076kB, peak memory usage 2157084kB (SOL-15)
# Info: Running transformation 'memories' on solution 'StemProcessor.v1': elapsed time 29051.67 seconds, memory usage 2157076kB, peak memory usage 2157084kB (SOL-15)
# Info: Running transformation 'memories' on solution 'StemProcessor.v1': elapsed time 29077.24 seconds, memory usage 2157076kB, peak memory usage 2157084kB (SOL-15)
# Info: Running transformation 'memories' on solution 'StemProcessor.v1': elapsed time 29105.41 seconds, memory usage 2157076kB, peak memory usage 2157084kB (SOL-15)
# Info: Running transformation 'memories' on solution 'StemProcessor.v1': elapsed time 29135.35 seconds, memory usage 2157076kB, peak memory usage 2157084kB (SOL-15)
# Info: Running transformation 'memories' on solution 'StemProcessor.v1': elapsed time 29160.76 seconds, memory usage 2157076kB, peak memory usage 2157084kB (SOL-15)
# Info: Running transformation 'memories' on solution 'StemProcessor.v1': elapsed time 29186.18 seconds, memory usage 2157076kB, peak memory usage 2157084kB (SOL-15)
# Info: Running transformation 'memories' on solution 'StemProcessor.v1': elapsed time 29211.25 seconds, memory usage 2157076kB, peak memory usage 2157084kB (SOL-15)
# Info: Running transformation 'memories' on solution 'StemProcessor.v1': elapsed time 29236.67 seconds, memory usage 2157076kB, peak memory usage 2157084kB (SOL-15)
# Info: Running transformation 'memories' on solution 'StemProcessor.v1': elapsed time 29262.31 seconds, memory usage 2157076kB, peak memory usage 2157084kB (SOL-15)
# Info: Running transformation 'memories' on solution 'StemProcessor.v1': elapsed time 29291.17 seconds, memory usage 2157076kB, peak memory usage 2157084kB (SOL-15)
# Info: Running transformation 'memories' on solution 'StemProcessor.v1': elapsed time 29321.11 seconds, memory usage 2157076kB, peak memory usage 2157084kB (SOL-15)
# Info: Running transformation 'memories' on solution 'StemProcessor.v1': elapsed time 29346.55 seconds, memory usage 2157076kB, peak memory usage 2157084kB (SOL-15)
# Info: Running transformation 'memories' on solution 'StemProcessor.v1': elapsed time 29372.13 seconds, memory usage 2157076kB, peak memory usage 2157084kB (SOL-15)
# Info: Running transformation 'memories' on solution 'StemProcessor.v1': elapsed time 29397.64 seconds, memory usage 2157076kB, peak memory usage 2157084kB (SOL-15)
# Info: Running transformation 'memories' on solution 'StemProcessor.v1': elapsed time 29423.44 seconds, memory usage 2157076kB, peak memory usage 2157084kB (SOL-15)
# Info: Running transformation 'memories' on solution 'StemProcessor.v1': elapsed time 29449.08 seconds, memory usage 2157076kB, peak memory usage 2157084kB (SOL-15)
# Info: Running transformation 'memories' on solution 'StemProcessor.v1': elapsed time 29476.91 seconds, memory usage 2157076kB, peak memory usage 2157084kB (SOL-15)
# Info: Running transformation 'memories' on solution 'StemProcessor.v1': elapsed time 29506.85 seconds, memory usage 2157076kB, peak memory usage 2157084kB (SOL-15)
# Info: Running transformation 'memories' on solution 'StemProcessor.v1': elapsed time 29532.35 seconds, memory usage 2157076kB, peak memory usage 2157084kB (SOL-15)
# Info: Running transformation 'memories' on solution 'StemProcessor.v1': elapsed time 29557.91 seconds, memory usage 2157076kB, peak memory usage 2157084kB (SOL-15)
# Info: Running transformation 'memories' on solution 'StemProcessor.v1': elapsed time 29583.40 seconds, memory usage 2157076kB, peak memory usage 2157084kB (SOL-15)
# Info: Running transformation 'memories' on solution 'StemProcessor.v1': elapsed time 29608.90 seconds, memory usage 2157076kB, peak memory usage 2157084kB (SOL-15)
# Info: Running transformation 'memories' on solution 'StemProcessor.v1': elapsed time 29634.30 seconds, memory usage 2157076kB, peak memory usage 2157084kB (SOL-15)
# Info: Running transformation 'memories' on solution 'StemProcessor.v1': elapsed time 29662.66 seconds, memory usage 2157076kB, peak memory usage 2157084kB (SOL-15)
# Info: Running transformation 'memories' on solution 'StemProcessor.v1': elapsed time 29692.61 seconds, memory usage 2157076kB, peak memory usage 2157084kB (SOL-15)
# Info: Running transformation 'memories' on solution 'StemProcessor.v1': elapsed time 29717.98 seconds, memory usage 2157076kB, peak memory usage 2157084kB (SOL-15)
# Info: Running transformation 'memories' on solution 'StemProcessor.v1': elapsed time 29743.46 seconds, memory usage 2157076kB, peak memory usage 2157084kB (SOL-15)
# Info: Running transformation 'memories' on solution 'StemProcessor.v1': elapsed time 29769.03 seconds, memory usage 2157076kB, peak memory usage 2157084kB (SOL-15)
# Info: Running transformation 'memories' on solution 'StemProcessor.v1': elapsed time 29794.69 seconds, memory usage 2157076kB, peak memory usage 2157084kB (SOL-15)
# Info: Running transformation 'memories' on solution 'StemProcessor.v1': elapsed time 29820.18 seconds, memory usage 2157076kB, peak memory usage 2157084kB (SOL-15)
# Info: Running transformation 'memories' on solution 'StemProcessor.v1': elapsed time 29848.49 seconds, memory usage 2157076kB, peak memory usage 2157084kB (SOL-15)
# Info: Running transformation 'memories' on solution 'StemProcessor.v1': elapsed time 29878.43 seconds, memory usage 2157076kB, peak memory usage 2157084kB (SOL-15)
# Info: Running transformation 'memories' on solution 'StemProcessor.v1': elapsed time 29903.82 seconds, memory usage 2157076kB, peak memory usage 2157084kB (SOL-15)
# Info: Running transformation 'memories' on solution 'StemProcessor.v1': elapsed time 29929.01 seconds, memory usage 2157076kB, peak memory usage 2157084kB (SOL-15)
# Info: Running transformation 'memories' on solution 'StemProcessor.v1': elapsed time 29954.56 seconds, memory usage 2157076kB, peak memory usage 2157084kB (SOL-15)
# Info: Running transformation 'memories' on solution 'StemProcessor.v1': elapsed time 29979.98 seconds, memory usage 2157076kB, peak memory usage 2157084kB (SOL-15)
# Info: Running transformation 'memories' on solution 'StemProcessor.v1': elapsed time 30004.92 seconds, memory usage 2157076kB, peak memory usage 2157084kB (SOL-15)
# Info: Running transformation 'memories' on solution 'StemProcessor.v1': elapsed time 30034.27 seconds, memory usage 2157076kB, peak memory usage 2157084kB (SOL-15)
# Info: Running transformation 'memories' on solution 'StemProcessor.v1': elapsed time 30064.21 seconds, memory usage 2157076kB, peak memory usage 2157084kB (SOL-15)
# Info: Running transformation 'memories' on solution 'StemProcessor.v1': elapsed time 30089.83 seconds, memory usage 2157076kB, peak memory usage 2157084kB (SOL-15)
# Info: Running transformation 'memories' on solution 'StemProcessor.v1': elapsed time 30115.42 seconds, memory usage 2157076kB, peak memory usage 2157084kB (SOL-15)
# Info: Running transformation 'memories' on solution 'StemProcessor.v1': elapsed time 30141.02 seconds, memory usage 2157076kB, peak memory usage 2157084kB (SOL-15)
# Info: Running transformation 'memories' on solution 'StemProcessor.v1': elapsed time 30166.60 seconds, memory usage 2157076kB, peak memory usage 2157084kB (SOL-15)
# Info: Running transformation 'memories' on solution 'StemProcessor.v1': elapsed time 30191.99 seconds, memory usage 2157076kB, peak memory usage 2157084kB (SOL-15)
# Info: Running transformation 'memories' on solution 'StemProcessor.v1': elapsed time 30221.15 seconds, memory usage 2157076kB, peak memory usage 2157084kB (SOL-15)
# Info: Running transformation 'memories' on solution 'StemProcessor.v1': elapsed time 30251.09 seconds, memory usage 2157076kB, peak memory usage 2157084kB (SOL-15)
# Info: Running transformation 'memories' on solution 'StemProcessor.v1': elapsed time 30276.83 seconds, memory usage 2157076kB, peak memory usage 2157084kB (SOL-15)
# Info: Running transformation 'memories' on solution 'StemProcessor.v1': elapsed time 30302.56 seconds, memory usage 2157076kB, peak memory usage 2157084kB (SOL-15)
# Info: Running transformation 'memories' on solution 'StemProcessor.v1': elapsed time 30328.19 seconds, memory usage 2157076kB, peak memory usage 2157084kB (SOL-15)
# Info: Running transformation 'memories' on solution 'StemProcessor.v1': elapsed time 30353.68 seconds, memory usage 2157076kB, peak memory usage 2157084kB (SOL-15)
# Info: Running transformation 'memories' on solution 'StemProcessor.v1': elapsed time 30379.16 seconds, memory usage 2157076kB, peak memory usage 2157084kB (SOL-15)
# Info: Running transformation 'memories' on solution 'StemProcessor.v1': elapsed time 30407.09 seconds, memory usage 2157076kB, peak memory usage 2157084kB (SOL-15)
# Info: Running transformation 'memories' on solution 'StemProcessor.v1': elapsed time 30437.02 seconds, memory usage 2157076kB, peak memory usage 2157084kB (SOL-15)
# Info: Running transformation 'memories' on solution 'StemProcessor.v1': elapsed time 30462.73 seconds, memory usage 2157076kB, peak memory usage 2157084kB (SOL-15)
# Info: Running transformation 'memories' on solution 'StemProcessor.v1': elapsed time 30488.01 seconds, memory usage 2157076kB, peak memory usage 2157084kB (SOL-15)
# Info: Running transformation 'memories' on solution 'StemProcessor.v1': elapsed time 30513.36 seconds, memory usage 2157076kB, peak memory usage 2157084kB (SOL-15)
# Info: Running transformation 'memories' on solution 'StemProcessor.v1': elapsed time 30538.86 seconds, memory usage 2157076kB, peak memory usage 2157084kB (SOL-15)
# Info: Running transformation 'memories' on solution 'StemProcessor.v1': elapsed time 30563.89 seconds, memory usage 2157076kB, peak memory usage 2157084kB (SOL-15)
# Info: Running transformation 'memories' on solution 'StemProcessor.v1': elapsed time 30592.88 seconds, memory usage 2157076kB, peak memory usage 2157084kB (SOL-15)
# Info: Running transformation 'memories' on solution 'StemProcessor.v1': elapsed time 30622.81 seconds, memory usage 2157076kB, peak memory usage 2157084kB (SOL-15)
# Info: Running transformation 'memories' on solution 'StemProcessor.v1': elapsed time 30648.37 seconds, memory usage 2157076kB, peak memory usage 2157084kB (SOL-15)
# Info: Running transformation 'memories' on solution 'StemProcessor.v1': elapsed time 30674.07 seconds, memory usage 2157076kB, peak memory usage 2157084kB (SOL-15)
# Info: Running transformation 'memories' on solution 'StemProcessor.v1': elapsed time 30699.52 seconds, memory usage 2157076kB, peak memory usage 2157084kB (SOL-15)
# Info: Running transformation 'memories' on solution 'StemProcessor.v1': elapsed time 30725.17 seconds, memory usage 2157076kB, peak memory usage 2157084kB (SOL-15)
# Info: Running transformation 'memories' on solution 'StemProcessor.v1': elapsed time 30750.49 seconds, memory usage 2157076kB, peak memory usage 2157084kB (SOL-15)
# Info: Running transformation 'memories' on solution 'StemProcessor.v1': elapsed time 30778.69 seconds, memory usage 2157076kB, peak memory usage 2157084kB (SOL-15)
# Info: Running transformation 'memories' on solution 'StemProcessor.v1': elapsed time 30808.64 seconds, memory usage 2157076kB, peak memory usage 2157084kB (SOL-15)
# Info: Running transformation 'memories' on solution 'StemProcessor.v1': elapsed time 30834.32 seconds, memory usage 2157076kB, peak memory usage 2157084kB (SOL-15)
# Info: Running transformation 'memories' on solution 'StemProcessor.v1': elapsed time 30859.87 seconds, memory usage 2157076kB, peak memory usage 2157084kB (SOL-15)
# Info: Running transformation 'memories' on solution 'StemProcessor.v1': elapsed time 30885.26 seconds, memory usage 2157076kB, peak memory usage 2157084kB (SOL-15)
# Info: Running transformation 'memories' on solution 'StemProcessor.v1': elapsed time 30910.69 seconds, memory usage 2157076kB, peak memory usage 2157084kB (SOL-15)
# Info: Running transformation 'memories' on solution 'StemProcessor.v1': elapsed time 30936.34 seconds, memory usage 2157076kB, peak memory usage 2157084kB (SOL-15)
# Info: Running transformation 'memories' on solution 'StemProcessor.v1': elapsed time 30964.55 seconds, memory usage 2157076kB, peak memory usage 2157084kB (SOL-15)
# Info: Running transformation 'memories' on solution 'StemProcessor.v1': elapsed time 30994.49 seconds, memory usage 2157076kB, peak memory usage 2157084kB (SOL-15)
# Info: Running transformation 'memories' on solution 'StemProcessor.v1': elapsed time 31019.86 seconds, memory usage 2157076kB, peak memory usage 2157084kB (SOL-15)
# Info: Running transformation 'memories' on solution 'StemProcessor.v1': elapsed time 31045.42 seconds, memory usage 2157076kB, peak memory usage 2157084kB (SOL-15)
# Info: Running transformation 'memories' on solution 'StemProcessor.v1': elapsed time 31070.90 seconds, memory usage 2157076kB, peak memory usage 2157084kB (SOL-15)
# Info: Running transformation 'memories' on solution 'StemProcessor.v1': elapsed time 31096.27 seconds, memory usage 2157076kB, peak memory usage 2157084kB (SOL-15)
# Info: Running transformation 'memories' on solution 'StemProcessor.v1': elapsed time 31121.72 seconds, memory usage 2157076kB, peak memory usage 2157084kB (SOL-15)
# Info: Running transformation 'memories' on solution 'StemProcessor.v1': elapsed time 31150.33 seconds, memory usage 2157076kB, peak memory usage 2157084kB (SOL-15)
# Info: Running transformation 'memories' on solution 'StemProcessor.v1': elapsed time 31180.27 seconds, memory usage 2157076kB, peak memory usage 2157084kB (SOL-15)
# Info: Running transformation 'memories' on solution 'StemProcessor.v1': elapsed time 31205.88 seconds, memory usage 2157076kB, peak memory usage 2157084kB (SOL-15)
# Info: Running transformation 'memories' on solution 'StemProcessor.v1': elapsed time 31231.28 seconds, memory usage 2157076kB, peak memory usage 2157084kB (SOL-15)
# Info: Running transformation 'memories' on solution 'StemProcessor.v1': elapsed time 31256.99 seconds, memory usage 2157076kB, peak memory usage 2157084kB (SOL-15)
# Info: Running transformation 'memories' on solution 'StemProcessor.v1': elapsed time 31282.53 seconds, memory usage 2157076kB, peak memory usage 2157084kB (SOL-15)
# Info: Running transformation 'memories' on solution 'StemProcessor.v1': elapsed time 31308.06 seconds, memory usage 2157076kB, peak memory usage 2157084kB (SOL-15)
# Info: Running transformation 'memories' on solution 'StemProcessor.v1': elapsed time 31336.11 seconds, memory usage 2157076kB, peak memory usage 2157084kB (SOL-15)
# Info: Running transformation 'memories' on solution 'StemProcessor.v1': elapsed time 31366.05 seconds, memory usage 2157076kB, peak memory usage 2157084kB (SOL-15)
# Info: Running transformation 'memories' on solution 'StemProcessor.v1': elapsed time 31391.77 seconds, memory usage 2157076kB, peak memory usage 2157084kB (SOL-15)
# Info: Running transformation 'memories' on solution 'StemProcessor.v1': elapsed time 31417.10 seconds, memory usage 2157076kB, peak memory usage 2157084kB (SOL-15)
# Info: Running transformation 'memories' on solution 'StemProcessor.v1': elapsed time 31442.82 seconds, memory usage 2157076kB, peak memory usage 2157084kB (SOL-15)
# Info: Running transformation 'memories' on solution 'StemProcessor.v1': elapsed time 31468.42 seconds, memory usage 2157076kB, peak memory usage 2157084kB (SOL-15)
# Info: Running transformation 'memories' on solution 'StemProcessor.v1': elapsed time 31494.09 seconds, memory usage 2157076kB, peak memory usage 2157084kB (SOL-15)
# Info: Running transformation 'memories' on solution 'StemProcessor.v1': elapsed time 31521.88 seconds, memory usage 2157076kB, peak memory usage 2157084kB (SOL-15)
# Info: Running transformation 'memories' on solution 'StemProcessor.v1': elapsed time 31551.82 seconds, memory usage 2157076kB, peak memory usage 2157084kB (SOL-15)
# Info: Running transformation 'memories' on solution 'StemProcessor.v1': elapsed time 31577.14 seconds, memory usage 2157076kB, peak memory usage 2157084kB (SOL-15)
# Info: Running transformation 'memories' on solution 'StemProcessor.v1': elapsed time 31602.78 seconds, memory usage 2157076kB, peak memory usage 2157084kB (SOL-15)
# Info: Running transformation 'memories' on solution 'StemProcessor.v1': elapsed time 31628.26 seconds, memory usage 2157076kB, peak memory usage 2157084kB (SOL-15)
# Info: Running transformation 'memories' on solution 'StemProcessor.v1': elapsed time 31653.59 seconds, memory usage 2157076kB, peak memory usage 2157084kB (SOL-15)
# Info: Running transformation 'memories' on solution 'StemProcessor.v1': elapsed time 31679.29 seconds, memory usage 2157076kB, peak memory usage 2157084kB (SOL-15)
# Info: Running transformation 'memories' on solution 'StemProcessor.v1': elapsed time 31707.73 seconds, memory usage 2157076kB, peak memory usage 2157084kB (SOL-15)
# Info: Running transformation 'memories' on solution 'StemProcessor.v1': elapsed time 31737.67 seconds, memory usage 2157076kB, peak memory usage 2157084kB (SOL-15)
# Info: Running transformation 'memories' on solution 'StemProcessor.v1': elapsed time 31762.77 seconds, memory usage 2157076kB, peak memory usage 2157084kB (SOL-15)
# Info: Running transformation 'memories' on solution 'StemProcessor.v1': elapsed time 31788.38 seconds, memory usage 2157076kB, peak memory usage 2157084kB (SOL-15)
# Info: Running transformation 'memories' on solution 'StemProcessor.v1': elapsed time 31813.79 seconds, memory usage 2157076kB, peak memory usage 2157084kB (SOL-15)
# Info: Running transformation 'memories' on solution 'StemProcessor.v1': elapsed time 31839.25 seconds, memory usage 2157076kB, peak memory usage 2157084kB (SOL-15)
# Info: Running transformation 'memories' on solution 'StemProcessor.v1': elapsed time 31864.73 seconds, memory usage 2157076kB, peak memory usage 2157084kB (SOL-15)
# Info: Running transformation 'memories' on solution 'StemProcessor.v1': elapsed time 31893.62 seconds, memory usage 2157076kB, peak memory usage 2157084kB (SOL-15)
# Info: Running transformation 'memories' on solution 'StemProcessor.v1': elapsed time 31923.57 seconds, memory usage 2157076kB, peak memory usage 2157084kB (SOL-15)
# Info: Running transformation 'memories' on solution 'StemProcessor.v1': elapsed time 31948.46 seconds, memory usage 2157076kB, peak memory usage 2157084kB (SOL-15)
# Info: Running transformation 'memories' on solution 'StemProcessor.v1': elapsed time 31974.02 seconds, memory usage 2157076kB, peak memory usage 2157084kB (SOL-15)
# Info: Running transformation 'memories' on solution 'StemProcessor.v1': elapsed time 31999.67 seconds, memory usage 2157076kB, peak memory usage 2157084kB (SOL-15)
# Info: Running transformation 'memories' on solution 'StemProcessor.v1': elapsed time 32025.31 seconds, memory usage 2157076kB, peak memory usage 2157084kB (SOL-15)
# Info: Running transformation 'memories' on solution 'StemProcessor.v1': elapsed time 32050.54 seconds, memory usage 2157076kB, peak memory usage 2157084kB (SOL-15)
# Info: Running transformation 'memories' on solution 'StemProcessor.v1': elapsed time 32079.58 seconds, memory usage 2157076kB, peak memory usage 2157084kB (SOL-15)
# Info: Running transformation 'memories' on solution 'StemProcessor.v1': elapsed time 32109.53 seconds, memory usage 2157076kB, peak memory usage 2157084kB (SOL-15)
# Info: Running transformation 'memories' on solution 'StemProcessor.v1': elapsed time 32135.13 seconds, memory usage 2157076kB, peak memory usage 2157084kB (SOL-15)
# Info: Running transformation 'memories' on solution 'StemProcessor.v1': elapsed time 32160.78 seconds, memory usage 2157076kB, peak memory usage 2157084kB (SOL-15)
# Info: Running transformation 'memories' on solution 'StemProcessor.v1': elapsed time 32186.45 seconds, memory usage 2157076kB, peak memory usage 2157084kB (SOL-15)
# Info: Running transformation 'memories' on solution 'StemProcessor.v1': elapsed time 32211.99 seconds, memory usage 2157076kB, peak memory usage 2157084kB (SOL-15)
# Info: Running transformation 'memories' on solution 'StemProcessor.v1': elapsed time 32237.45 seconds, memory usage 2157076kB, peak memory usage 2157084kB (SOL-15)
# Info: Running transformation 'memories' on solution 'StemProcessor.v1': elapsed time 32265.36 seconds, memory usage 2157076kB, peak memory usage 2157084kB (SOL-15)
# Info: Running transformation 'memories' on solution 'StemProcessor.v1': elapsed time 32295.30 seconds, memory usage 2157076kB, peak memory usage 2157084kB (SOL-15)
# Info: Running transformation 'memories' on solution 'StemProcessor.v1': elapsed time 32320.84 seconds, memory usage 2157076kB, peak memory usage 2157084kB (SOL-15)
# Info: Running transformation 'memories' on solution 'StemProcessor.v1': elapsed time 32346.47 seconds, memory usage 2157076kB, peak memory usage 2157084kB (SOL-15)
# Info: Running transformation 'memories' on solution 'StemProcessor.v1': elapsed time 32371.82 seconds, memory usage 2157076kB, peak memory usage 2157084kB (SOL-15)
# Info: Running transformation 'memories' on solution 'StemProcessor.v1': elapsed time 32397.37 seconds, memory usage 2157076kB, peak memory usage 2157084kB (SOL-15)
# Info: Running transformation 'memories' on solution 'StemProcessor.v1': elapsed time 32422.95 seconds, memory usage 2157076kB, peak memory usage 2157084kB (SOL-15)
# Info: Running transformation 'memories' on solution 'StemProcessor.v1': elapsed time 32451.21 seconds, memory usage 2157076kB, peak memory usage 2157084kB (SOL-15)
# Info: Running transformation 'memories' on solution 'StemProcessor.v1': elapsed time 32481.14 seconds, memory usage 2157076kB, peak memory usage 2157084kB (SOL-15)
# Info: Running transformation 'memories' on solution 'StemProcessor.v1': elapsed time 32506.53 seconds, memory usage 2157076kB, peak memory usage 2157084kB (SOL-15)
# Info: Running transformation 'memories' on solution 'StemProcessor.v1': elapsed time 32531.93 seconds, memory usage 2157076kB, peak memory usage 2157084kB (SOL-15)
# Info: Running transformation 'memories' on solution 'StemProcessor.v1': elapsed time 32557.41 seconds, memory usage 2157076kB, peak memory usage 2157084kB (SOL-15)
# Info: Running transformation 'memories' on solution 'StemProcessor.v1': elapsed time 32582.65 seconds, memory usage 2157076kB, peak memory usage 2157084kB (SOL-15)
# Info: Running transformation 'memories' on solution 'StemProcessor.v1': elapsed time 32608.15 seconds, memory usage 2157076kB, peak memory usage 2157084kB (SOL-15)
# Info: Running transformation 'memories' on solution 'StemProcessor.v1': elapsed time 32637.03 seconds, memory usage 2157076kB, peak memory usage 2157084kB (SOL-15)
# Info: Running transformation 'memories' on solution 'StemProcessor.v1': elapsed time 32666.97 seconds, memory usage 2157076kB, peak memory usage 2157084kB (SOL-15)
# Info: Running transformation 'memories' on solution 'StemProcessor.v1': elapsed time 32692.47 seconds, memory usage 2157076kB, peak memory usage 2157084kB (SOL-15)
# Info: Running transformation 'memories' on solution 'StemProcessor.v1': elapsed time 32718.00 seconds, memory usage 2157076kB, peak memory usage 2157084kB (SOL-15)
# Info: Running transformation 'memories' on solution 'StemProcessor.v1': elapsed time 32743.53 seconds, memory usage 2157076kB, peak memory usage 2157084kB (SOL-15)
# Info: Running transformation 'memories' on solution 'StemProcessor.v1': elapsed time 32769.23 seconds, memory usage 2157076kB, peak memory usage 2157084kB (SOL-15)
# Info: Running transformation 'memories' on solution 'StemProcessor.v1': elapsed time 32794.72 seconds, memory usage 2157076kB, peak memory usage 2157084kB (SOL-15)
# Info: Running transformation 'memories' on solution 'StemProcessor.v1': elapsed time 32822.87 seconds, memory usage 2157076kB, peak memory usage 2157084kB (SOL-15)
# Info: Running transformation 'memories' on solution 'StemProcessor.v1': elapsed time 32852.81 seconds, memory usage 2157076kB, peak memory usage 2157084kB (SOL-15)
# Info: Running transformation 'memories' on solution 'StemProcessor.v1': elapsed time 32878.29 seconds, memory usage 2157076kB, peak memory usage 2157084kB (SOL-15)
# Info: Running transformation 'memories' on solution 'StemProcessor.v1': elapsed time 32903.99 seconds, memory usage 2157076kB, peak memory usage 2157084kB (SOL-15)
# Info: Running transformation 'memories' on solution 'StemProcessor.v1': elapsed time 32929.43 seconds, memory usage 2157076kB, peak memory usage 2157084kB (SOL-15)
# Info: Running transformation 'memories' on solution 'StemProcessor.v1': elapsed time 32955.12 seconds, memory usage 2157076kB, peak memory usage 2157084kB (SOL-15)
# Info: Running transformation 'memories' on solution 'StemProcessor.v1': elapsed time 32980.50 seconds, memory usage 2157076kB, peak memory usage 2157084kB (SOL-15)
# Info: Running transformation 'memories' on solution 'StemProcessor.v1': elapsed time 33008.75 seconds, memory usage 2157076kB, peak memory usage 2157084kB (SOL-15)
# Info: Running transformation 'memories' on solution 'StemProcessor.v1': elapsed time 33038.69 seconds, memory usage 2157076kB, peak memory usage 2157084kB (SOL-15)
# Info: Running transformation 'memories' on solution 'StemProcessor.v1': elapsed time 33064.45 seconds, memory usage 2157076kB, peak memory usage 2157084kB (SOL-15)
# Info: Running transformation 'memories' on solution 'StemProcessor.v1': elapsed time 33090.04 seconds, memory usage 2157076kB, peak memory usage 2157084kB (SOL-15)
# Info: Running transformation 'memories' on solution 'StemProcessor.v1': elapsed time 33115.27 seconds, memory usage 2157076kB, peak memory usage 2157084kB (SOL-15)
# Info: Running transformation 'memories' on solution 'StemProcessor.v1': elapsed time 33140.74 seconds, memory usage 2157076kB, peak memory usage 2157084kB (SOL-15)
# Info: Running transformation 'memories' on solution 'StemProcessor.v1': elapsed time 33166.13 seconds, memory usage 2157076kB, peak memory usage 2157084kB (SOL-15)
# Info: Running transformation 'memories' on solution 'StemProcessor.v1': elapsed time 33194.58 seconds, memory usage 2157076kB, peak memory usage 2157084kB (SOL-15)
# Info: Running transformation 'memories' on solution 'StemProcessor.v1': elapsed time 33224.52 seconds, memory usage 2157076kB, peak memory usage 2157084kB (SOL-15)
# Info: Running transformation 'memories' on solution 'StemProcessor.v1': elapsed time 33249.92 seconds, memory usage 2157076kB, peak memory usage 2157084kB (SOL-15)
# Info: Running transformation 'memories' on solution 'StemProcessor.v1': elapsed time 33275.25 seconds, memory usage 2157076kB, peak memory usage 2157084kB (SOL-15)
# Info: Running transformation 'memories' on solution 'StemProcessor.v1': elapsed time 33300.70 seconds, memory usage 2157076kB, peak memory usage 2157084kB (SOL-15)
# Info: Running transformation 'memories' on solution 'StemProcessor.v1': elapsed time 33326.05 seconds, memory usage 2157076kB, peak memory usage 2157084kB (SOL-15)
# Info: Running transformation 'memories' on solution 'StemProcessor.v1': elapsed time 33351.16 seconds, memory usage 2157076kB, peak memory usage 2157084kB (SOL-15)
# Info: Running transformation 'memories' on solution 'StemProcessor.v1': elapsed time 33380.40 seconds, memory usage 2157076kB, peak memory usage 2157084kB (SOL-15)
# Info: Running transformation 'memories' on solution 'StemProcessor.v1': elapsed time 33410.34 seconds, memory usage 2157076kB, peak memory usage 2157084kB (SOL-15)
# Info: Running transformation 'memories' on solution 'StemProcessor.v1': elapsed time 33435.99 seconds, memory usage 2157076kB, peak memory usage 2157084kB (SOL-15)
# Info: Running transformation 'memories' on solution 'StemProcessor.v1': elapsed time 33461.61 seconds, memory usage 2157076kB, peak memory usage 2157084kB (SOL-15)
# Info: Running transformation 'memories' on solution 'StemProcessor.v1': elapsed time 33487.24 seconds, memory usage 2157076kB, peak memory usage 2157084kB (SOL-15)
# Info: Running transformation 'memories' on solution 'StemProcessor.v1': elapsed time 33512.69 seconds, memory usage 2157076kB, peak memory usage 2157084kB (SOL-15)
# Info: Running transformation 'memories' on solution 'StemProcessor.v1': elapsed time 33538.18 seconds, memory usage 2157076kB, peak memory usage 2157084kB (SOL-15)
# Info: Running transformation 'memories' on solution 'StemProcessor.v1': elapsed time 33566.20 seconds, memory usage 2157076kB, peak memory usage 2157084kB (SOL-15)
# Info: Running transformation 'memories' on solution 'StemProcessor.v1': elapsed time 33596.13 seconds, memory usage 2157076kB, peak memory usage 2157084kB (SOL-15)
# Info: Running transformation 'memories' on solution 'StemProcessor.v1': elapsed time 33621.47 seconds, memory usage 2157076kB, peak memory usage 2157084kB (SOL-15)
# Info: Running transformation 'memories' on solution 'StemProcessor.v1': elapsed time 33647.03 seconds, memory usage 2157076kB, peak memory usage 2157084kB (SOL-15)
# Info: Running transformation 'memories' on solution 'StemProcessor.v1': elapsed time 33672.46 seconds, memory usage 2157076kB, peak memory usage 2157084kB (SOL-15)
# Info: Running transformation 'memories' on solution 'StemProcessor.v1': elapsed time 33697.71 seconds, memory usage 2157076kB, peak memory usage 2157084kB (SOL-15)
# Info: Running transformation 'memories' on solution 'StemProcessor.v1': elapsed time 33723.44 seconds, memory usage 2157076kB, peak memory usage 2157084kB (SOL-15)
# Info: Running transformation 'memories' on solution 'StemProcessor.v1': elapsed time 33752.03 seconds, memory usage 2157076kB, peak memory usage 2157084kB (SOL-15)
# Info: Running transformation 'memories' on solution 'StemProcessor.v1': elapsed time 33781.98 seconds, memory usage 2157076kB, peak memory usage 2157084kB (SOL-15)
# Info: Running transformation 'memories' on solution 'StemProcessor.v1': elapsed time 33807.51 seconds, memory usage 2157076kB, peak memory usage 2157084kB (SOL-15)
# Info: Running transformation 'memories' on solution 'StemProcessor.v1': elapsed time 33832.87 seconds, memory usage 2157076kB, peak memory usage 2157084kB (SOL-15)
# Info: Running transformation 'memories' on solution 'StemProcessor.v1': elapsed time 33858.65 seconds, memory usage 2157076kB, peak memory usage 2157084kB (SOL-15)
# Info: Running transformation 'memories' on solution 'StemProcessor.v1': elapsed time 33884.39 seconds, memory usage 2157076kB, peak memory usage 2157084kB (SOL-15)
# Info: Running transformation 'memories' on solution 'StemProcessor.v1': elapsed time 33909.77 seconds, memory usage 2157076kB, peak memory usage 2157084kB (SOL-15)
# Info: Running transformation 'memories' on solution 'StemProcessor.v1': elapsed time 33938.24 seconds, memory usage 2157076kB, peak memory usage 2157084kB (SOL-15)
# Info: Running transformation 'memories' on solution 'StemProcessor.v1': elapsed time 33968.18 seconds, memory usage 2157076kB, peak memory usage 2157084kB (SOL-15)
# Info: Running transformation 'memories' on solution 'StemProcessor.v1': elapsed time 33993.65 seconds, memory usage 2157076kB, peak memory usage 2157084kB (SOL-15)
# Info: Running transformation 'memories' on solution 'StemProcessor.v1': elapsed time 34018.98 seconds, memory usage 2157076kB, peak memory usage 2157084kB (SOL-15)
# Info: Running transformation 'memories' on solution 'StemProcessor.v1': elapsed time 34044.52 seconds, memory usage 2157076kB, peak memory usage 2157084kB (SOL-15)
# Info: Running transformation 'memories' on solution 'StemProcessor.v1': elapsed time 34070.03 seconds, memory usage 2157076kB, peak memory usage 2157084kB (SOL-15)
# Info: Running transformation 'memories' on solution 'StemProcessor.v1': elapsed time 34095.33 seconds, memory usage 2157076kB, peak memory usage 2157084kB (SOL-15)
# Info: Running transformation 'memories' on solution 'StemProcessor.v1': elapsed time 34123.97 seconds, memory usage 2157076kB, peak memory usage 2157084kB (SOL-15)
# Info: Running transformation 'memories' on solution 'StemProcessor.v1': elapsed time 34153.91 seconds, memory usage 2157076kB, peak memory usage 2157084kB (SOL-15)
# Info: Running transformation 'memories' on solution 'StemProcessor.v1': elapsed time 34179.40 seconds, memory usage 2157076kB, peak memory usage 2157084kB (SOL-15)
# Info: Running transformation 'memories' on solution 'StemProcessor.v1': elapsed time 34204.98 seconds, memory usage 2157076kB, peak memory usage 2157084kB (SOL-15)
# Info: Running transformation 'memories' on solution 'StemProcessor.v1': elapsed time 34230.61 seconds, memory usage 2157076kB, peak memory usage 2157084kB (SOL-15)
# Info: Running transformation 'memories' on solution 'StemProcessor.v1': elapsed time 34255.83 seconds, memory usage 2157076kB, peak memory usage 2157084kB (SOL-15)
# Info: Running transformation 'memories' on solution 'StemProcessor.v1': elapsed time 34281.28 seconds, memory usage 2157076kB, peak memory usage 2157084kB (SOL-15)
# Info: Running transformation 'memories' on solution 'StemProcessor.v1': elapsed time 34309.82 seconds, memory usage 2157076kB, peak memory usage 2157084kB (SOL-15)
# Info: Running transformation 'memories' on solution 'StemProcessor.v1': elapsed time 34339.75 seconds, memory usage 2157076kB, peak memory usage 2157084kB (SOL-15)
# Info: Running transformation 'memories' on solution 'StemProcessor.v1': elapsed time 34365.13 seconds, memory usage 2157076kB, peak memory usage 2157084kB (SOL-15)
# Info: Running transformation 'memories' on solution 'StemProcessor.v1': elapsed time 34389.62 seconds, memory usage 2157076kB, peak memory usage 2157084kB (SOL-15)
# Info: Running transformation 'memories' on solution 'StemProcessor.v1': elapsed time 34414.79 seconds, memory usage 2157076kB, peak memory usage 2157084kB (SOL-15)
# Info: Running transformation 'memories' on solution 'StemProcessor.v1': elapsed time 34440.28 seconds, memory usage 2157076kB, peak memory usage 2157084kB (SOL-15)
# Info: Running transformation 'memories' on solution 'StemProcessor.v1': elapsed time 34465.76 seconds, memory usage 2157076kB, peak memory usage 2157084kB (SOL-15)
# Info: Running transformation 'memories' on solution 'StemProcessor.v1': elapsed time 34495.62 seconds, memory usage 2157076kB, peak memory usage 2157084kB (SOL-15)
# Info: Running transformation 'memories' on solution 'StemProcessor.v1': elapsed time 34525.56 seconds, memory usage 2157076kB, peak memory usage 2157084kB (SOL-15)
# Info: Running transformation 'memories' on solution 'StemProcessor.v1': elapsed time 34551.39 seconds, memory usage 2157076kB, peak memory usage 2157084kB (SOL-15)
# Info: Running transformation 'memories' on solution 'StemProcessor.v1': elapsed time 34576.76 seconds, memory usage 2157076kB, peak memory usage 2157084kB (SOL-15)
# Info: Running transformation 'memories' on solution 'StemProcessor.v1': elapsed time 34602.46 seconds, memory usage 2157076kB, peak memory usage 2157084kB (SOL-15)
# Info: Running transformation 'memories' on solution 'StemProcessor.v1': elapsed time 34627.85 seconds, memory usage 2157076kB, peak memory usage 2157084kB (SOL-15)
# Info: Running transformation 'memories' on solution 'StemProcessor.v1': elapsed time 34653.37 seconds, memory usage 2157076kB, peak memory usage 2157084kB (SOL-15)
# Info: Running transformation 'memories' on solution 'StemProcessor.v1': elapsed time 34681.44 seconds, memory usage 2157076kB, peak memory usage 2157084kB (SOL-15)
# Info: Running transformation 'memories' on solution 'StemProcessor.v1': elapsed time 34711.38 seconds, memory usage 2157076kB, peak memory usage 2157084kB (SOL-15)
# Info: Running transformation 'memories' on solution 'StemProcessor.v1': elapsed time 34737.01 seconds, memory usage 2157076kB, peak memory usage 2157084kB (SOL-15)
# Info: Running transformation 'memories' on solution 'StemProcessor.v1': elapsed time 34762.73 seconds, memory usage 2157076kB, peak memory usage 2157084kB (SOL-15)
# Info: Running transformation 'memories' on solution 'StemProcessor.v1': elapsed time 34788.32 seconds, memory usage 2157076kB, peak memory usage 2157084kB (SOL-15)
# Info: Running transformation 'memories' on solution 'StemProcessor.v1': elapsed time 34813.98 seconds, memory usage 2157076kB, peak memory usage 2157084kB (SOL-15)
# Info: Running transformation 'memories' on solution 'StemProcessor.v1': elapsed time 34839.35 seconds, memory usage 2157076kB, peak memory usage 2157084kB (SOL-15)
# Info: Running transformation 'memories' on solution 'StemProcessor.v1': elapsed time 34867.27 seconds, memory usage 2157076kB, peak memory usage 2157084kB (SOL-15)
# Info: Running transformation 'memories' on solution 'StemProcessor.v1': elapsed time 34897.21 seconds, memory usage 2157076kB, peak memory usage 2157084kB (SOL-15)
# Info: Running transformation 'memories' on solution 'StemProcessor.v1': elapsed time 34922.16 seconds, memory usage 2157076kB, peak memory usage 2157084kB (SOL-15)
# Info: Running transformation 'memories' on solution 'StemProcessor.v1': elapsed time 34947.65 seconds, memory usage 2157076kB, peak memory usage 2157084kB (SOL-15)
# Info: Running transformation 'memories' on solution 'StemProcessor.v1': elapsed time 34972.96 seconds, memory usage 2157076kB, peak memory usage 2157084kB (SOL-15)
# Info: Running transformation 'memories' on solution 'StemProcessor.v1': elapsed time 34998.19 seconds, memory usage 2157076kB, peak memory usage 2157084kB (SOL-15)
# Info: Running transformation 'memories' on solution 'StemProcessor.v1': elapsed time 35023.85 seconds, memory usage 2157076kB, peak memory usage 2157084kB (SOL-15)
# Info: Running transformation 'memories' on solution 'StemProcessor.v1': elapsed time 35053.09 seconds, memory usage 2157076kB, peak memory usage 2157084kB (SOL-15)
# Info: Running transformation 'memories' on solution 'StemProcessor.v1': elapsed time 35083.03 seconds, memory usage 2157076kB, peak memory usage 2157084kB (SOL-15)
# Info: Running transformation 'memories' on solution 'StemProcessor.v1': elapsed time 35108.64 seconds, memory usage 2157076kB, peak memory usage 2157084kB (SOL-15)
# Info: Running transformation 'memories' on solution 'StemProcessor.v1': elapsed time 35134.19 seconds, memory usage 2157076kB, peak memory usage 2157084kB (SOL-15)
# Info: Running transformation 'memories' on solution 'StemProcessor.v1': elapsed time 35159.58 seconds, memory usage 2157076kB, peak memory usage 2157084kB (SOL-15)
# Info: Running transformation 'memories' on solution 'StemProcessor.v1': elapsed time 35184.89 seconds, memory usage 2157076kB, peak memory usage 2157084kB (SOL-15)
# Info: Running transformation 'memories' on solution 'StemProcessor.v1': elapsed time 35210.18 seconds, memory usage 2157076kB, peak memory usage 2157084kB (SOL-15)
# Info: Running transformation 'memories' on solution 'StemProcessor.v1': elapsed time 35238.97 seconds, memory usage 2157076kB, peak memory usage 2157084kB (SOL-15)
# Info: Running transformation 'memories' on solution 'StemProcessor.v1': elapsed time 35268.91 seconds, memory usage 2157076kB, peak memory usage 2157084kB (SOL-15)
# Info: Running transformation 'memories' on solution 'StemProcessor.v1': elapsed time 35294.58 seconds, memory usage 2157076kB, peak memory usage 2157084kB (SOL-15)
# Info: Running transformation 'memories' on solution 'StemProcessor.v1': elapsed time 35319.69 seconds, memory usage 2157076kB, peak memory usage 2157084kB (SOL-15)
# Info: Running transformation 'memories' on solution 'StemProcessor.v1': elapsed time 35345.34 seconds, memory usage 2157076kB, peak memory usage 2157084kB (SOL-15)
# Info: Running transformation 'memories' on solution 'StemProcessor.v1': elapsed time 35371.09 seconds, memory usage 2157076kB, peak memory usage 2157084kB (SOL-15)
# Info: Running transformation 'memories' on solution 'StemProcessor.v1': elapsed time 35396.38 seconds, memory usage 2157076kB, peak memory usage 2157084kB (SOL-15)
# Info: Running transformation 'memories' on solution 'StemProcessor.v1': elapsed time 35424.80 seconds, memory usage 2157076kB, peak memory usage 2157084kB (SOL-15)
# Info: Running transformation 'memories' on solution 'StemProcessor.v1': elapsed time 35454.74 seconds, memory usage 2157076kB, peak memory usage 2157084kB (SOL-15)
# Info: Running transformation 'memories' on solution 'StemProcessor.v1': elapsed time 35480.17 seconds, memory usage 2157076kB, peak memory usage 2157084kB (SOL-15)
# Info: Running transformation 'memories' on solution 'StemProcessor.v1': elapsed time 35505.73 seconds, memory usage 2157076kB, peak memory usage 2157084kB (SOL-15)
# Info: Running transformation 'memories' on solution 'StemProcessor.v1': elapsed time 35531.41 seconds, memory usage 2157076kB, peak memory usage 2157084kB (SOL-15)
# Info: Running transformation 'memories' on solution 'StemProcessor.v1': elapsed time 35556.97 seconds, memory usage 2157076kB, peak memory usage 2157084kB (SOL-15)
# Info: Running transformation 'memories' on solution 'StemProcessor.v1': elapsed time 35582.26 seconds, memory usage 2157076kB, peak memory usage 2157084kB (SOL-15)
# Info: Running transformation 'memories' on solution 'StemProcessor.v1': elapsed time 35610.52 seconds, memory usage 2157076kB, peak memory usage 2157084kB (SOL-15)
# Info: Running transformation 'memories' on solution 'StemProcessor.v1': elapsed time 35640.48 seconds, memory usage 2157076kB, peak memory usage 2157084kB (SOL-15)
# Info: Running transformation 'memories' on solution 'StemProcessor.v1': elapsed time 35665.80 seconds, memory usage 2157076kB, peak memory usage 2157084kB (SOL-15)
# Info: Running transformation 'memories' on solution 'StemProcessor.v1': elapsed time 35691.34 seconds, memory usage 2157076kB, peak memory usage 2157084kB (SOL-15)
# Info: Running transformation 'memories' on solution 'StemProcessor.v1': elapsed time 35717.04 seconds, memory usage 2157076kB, peak memory usage 2157084kB (SOL-15)
# Info: Running transformation 'memories' on solution 'StemProcessor.v1': elapsed time 35742.43 seconds, memory usage 2157076kB, peak memory usage 2157084kB (SOL-15)
# Info: Running transformation 'memories' on solution 'StemProcessor.v1': elapsed time 35767.92 seconds, memory usage 2157076kB, peak memory usage 2157084kB (SOL-15)
# Info: Running transformation 'memories' on solution 'StemProcessor.v1': elapsed time 35796.43 seconds, memory usage 2157076kB, peak memory usage 2157084kB (SOL-15)
# Info: Running transformation 'memories' on solution 'StemProcessor.v1': elapsed time 35826.37 seconds, memory usage 2157076kB, peak memory usage 2157084kB (SOL-15)
# Info: Running transformation 'memories' on solution 'StemProcessor.v1': elapsed time 35851.65 seconds, memory usage 2157076kB, peak memory usage 2157084kB (SOL-15)
# Info: Running transformation 'memories' on solution 'StemProcessor.v1': elapsed time 35877.38 seconds, memory usage 2157076kB, peak memory usage 2157084kB (SOL-15)
# Info: Running transformation 'memories' on solution 'StemProcessor.v1': elapsed time 35902.63 seconds, memory usage 2157076kB, peak memory usage 2157084kB (SOL-15)
# Info: Running transformation 'memories' on solution 'StemProcessor.v1': elapsed time 35928.04 seconds, memory usage 2157076kB, peak memory usage 2157084kB (SOL-15)
# Info: Running transformation 'memories' on solution 'StemProcessor.v1': elapsed time 35953.60 seconds, memory usage 2157076kB, peak memory usage 2157084kB (SOL-15)
# Info: Running transformation 'memories' on solution 'StemProcessor.v1': elapsed time 35982.23 seconds, memory usage 2157076kB, peak memory usage 2157084kB (SOL-15)
# Info: Running transformation 'memories' on solution 'StemProcessor.v1': elapsed time 36012.17 seconds, memory usage 2157076kB, peak memory usage 2157084kB (SOL-15)
# Info: Running transformation 'memories' on solution 'StemProcessor.v1': elapsed time 36037.78 seconds, memory usage 2157076kB, peak memory usage 2157084kB (SOL-15)
# Info: Running transformation 'memories' on solution 'StemProcessor.v1': elapsed time 36063.49 seconds, memory usage 2157076kB, peak memory usage 2157084kB (SOL-15)
# Info: Running transformation 'memories' on solution 'StemProcessor.v1': elapsed time 36088.53 seconds, memory usage 2157076kB, peak memory usage 2157084kB (SOL-15)
# Info: Running transformation 'memories' on solution 'StemProcessor.v1': elapsed time 36113.82 seconds, memory usage 2157076kB, peak memory usage 2157084kB (SOL-15)
# Info: Running transformation 'memories' on solution 'StemProcessor.v1': elapsed time 36139.18 seconds, memory usage 2157076kB, peak memory usage 2157084kB (SOL-15)
# Info: Running transformation 'memories' on solution 'StemProcessor.v1': elapsed time 36168.40 seconds, memory usage 2157076kB, peak memory usage 2157084kB (SOL-15)
# Info: Running transformation 'memories' on solution 'StemProcessor.v1': elapsed time 36198.34 seconds, memory usage 2157076kB, peak memory usage 2157084kB (SOL-15)
# Info: Running transformation 'memories' on solution 'StemProcessor.v1': elapsed time 36224.00 seconds, memory usage 2157076kB, peak memory usage 2157084kB (SOL-15)
# Info: Running transformation 'memories' on solution 'StemProcessor.v1': elapsed time 36249.52 seconds, memory usage 2157076kB, peak memory usage 2157084kB (SOL-15)
# Info: Running transformation 'memories' on solution 'StemProcessor.v1': elapsed time 36275.02 seconds, memory usage 2157076kB, peak memory usage 2157084kB (SOL-15)
# Info: Running transformation 'memories' on solution 'StemProcessor.v1': elapsed time 36300.21 seconds, memory usage 2157076kB, peak memory usage 2157084kB (SOL-15)
# Info: Running transformation 'memories' on solution 'StemProcessor.v1': elapsed time 36325.87 seconds, memory usage 2157076kB, peak memory usage 2157084kB (SOL-15)
# Info: Running transformation 'memories' on solution 'StemProcessor.v1': elapsed time 36355.81 seconds, memory usage 2157076kB, peak memory usage 2157084kB (SOL-15)
# Info: Running transformation 'memories' on solution 'StemProcessor.v1': elapsed time 36381.36 seconds, memory usage 2157076kB, peak memory usage 2157084kB (SOL-15)
# Info: Running transformation 'memories' on solution 'StemProcessor.v1': elapsed time 36406.87 seconds, memory usage 2157076kB, peak memory usage 2157084kB (SOL-15)
# Info: Running transformation 'memories' on solution 'StemProcessor.v1': elapsed time 36432.55 seconds, memory usage 2157076kB, peak memory usage 2157084kB (SOL-15)
# Info: Running transformation 'memories' on solution 'StemProcessor.v1': elapsed time 36458.21 seconds, memory usage 2157076kB, peak memory usage 2157084kB (SOL-15)
# Info: Running transformation 'memories' on solution 'StemProcessor.v1': elapsed time 36483.41 seconds, memory usage 2157076kB, peak memory usage 2157084kB (SOL-15)
# Info: Running transformation 'memories' on solution 'StemProcessor.v1': elapsed time 36511.29 seconds, memory usage 2157076kB, peak memory usage 2157084kB (SOL-15)
# Info: Running transformation 'memories' on solution 'StemProcessor.v1': elapsed time 36541.23 seconds, memory usage 2157076kB, peak memory usage 2157084kB (SOL-15)
# Info: Running transformation 'memories' on solution 'StemProcessor.v1': elapsed time 36566.81 seconds, memory usage 2157076kB, peak memory usage 2157084kB (SOL-15)
# Info: Running transformation 'memories' on solution 'StemProcessor.v1': elapsed time 36592.10 seconds, memory usage 2157076kB, peak memory usage 2157084kB (SOL-15)
# Info: Running transformation 'memories' on solution 'StemProcessor.v1': elapsed time 36617.75 seconds, memory usage 2157076kB, peak memory usage 2157084kB (SOL-15)
# Info: Running transformation 'memories' on solution 'StemProcessor.v1': elapsed time 36642.88 seconds, memory usage 2157076kB, peak memory usage 2157084kB (SOL-15)
# Info: Running transformation 'memories' on solution 'StemProcessor.v1': elapsed time 36668.40 seconds, memory usage 2157076kB, peak memory usage 2157084kB (SOL-15)
# Info: Running transformation 'memories' on solution 'StemProcessor.v1': elapsed time 36697.08 seconds, memory usage 2157076kB, peak memory usage 2157084kB (SOL-15)
# Info: Running transformation 'memories' on solution 'StemProcessor.v1': elapsed time 36727.03 seconds, memory usage 2157076kB, peak memory usage 2157084kB (SOL-15)
# Info: Running transformation 'memories' on solution 'StemProcessor.v1': elapsed time 36752.75 seconds, memory usage 2157076kB, peak memory usage 2157084kB (SOL-15)
# Info: Running transformation 'memories' on solution 'StemProcessor.v1': elapsed time 36778.52 seconds, memory usage 2157076kB, peak memory usage 2157084kB (SOL-15)
# Info: Running transformation 'memories' on solution 'StemProcessor.v1': elapsed time 36804.12 seconds, memory usage 2157076kB, peak memory usage 2157084kB (SOL-15)
# Info: Running transformation 'memories' on solution 'StemProcessor.v1': elapsed time 36829.48 seconds, memory usage 2157076kB, peak memory usage 2157084kB (SOL-15)
# Info: Running transformation 'memories' on solution 'StemProcessor.v1': elapsed time 36854.87 seconds, memory usage 2157076kB, peak memory usage 2157084kB (SOL-15)
# Info: Running transformation 'memories' on solution 'StemProcessor.v1': elapsed time 36882.89 seconds, memory usage 2157076kB, peak memory usage 2157084kB (SOL-15)
# Info: Running transformation 'memories' on solution 'StemProcessor.v1': elapsed time 36912.84 seconds, memory usage 2157076kB, peak memory usage 2157084kB (SOL-15)
# Info: Running transformation 'memories' on solution 'StemProcessor.v1': elapsed time 36938.38 seconds, memory usage 2157076kB, peak memory usage 2157084kB (SOL-15)
# Info: Running transformation 'memories' on solution 'StemProcessor.v1': elapsed time 36963.81 seconds, memory usage 2157076kB, peak memory usage 2157084kB (SOL-15)
# Info: Running transformation 'memories' on solution 'StemProcessor.v1': elapsed time 36989.29 seconds, memory usage 2157076kB, peak memory usage 2157084kB (SOL-15)
# Info: Running transformation 'memories' on solution 'StemProcessor.v1': elapsed time 37014.97 seconds, memory usage 2157076kB, peak memory usage 2157084kB (SOL-15)
# Info: Running transformation 'memories' on solution 'StemProcessor.v1': elapsed time 37040.38 seconds, memory usage 2157076kB, peak memory usage 2157084kB (SOL-15)
# Info: Running transformation 'memories' on solution 'StemProcessor.v1': elapsed time 37068.72 seconds, memory usage 2157076kB, peak memory usage 2157084kB (SOL-15)
# Info: Running transformation 'memories' on solution 'StemProcessor.v1': elapsed time 37098.66 seconds, memory usage 2157076kB, peak memory usage 2157084kB (SOL-15)
# Info: Running transformation 'memories' on solution 'StemProcessor.v1': elapsed time 37124.02 seconds, memory usage 2157076kB, peak memory usage 2157084kB (SOL-15)
# Info: Running transformation 'memories' on solution 'StemProcessor.v1': elapsed time 37149.81 seconds, memory usage 2157076kB, peak memory usage 2157084kB (SOL-15)
# Info: Running transformation 'memories' on solution 'StemProcessor.v1': elapsed time 37174.45 seconds, memory usage 2157076kB, peak memory usage 2157084kB (SOL-15)
# Info: Running transformation 'memories' on solution 'StemProcessor.v1': elapsed time 37199.69 seconds, memory usage 2157076kB, peak memory usage 2157084kB (SOL-15)
# Info: Running transformation 'memories' on solution 'StemProcessor.v1': elapsed time 37225.03 seconds, memory usage 2157076kB, peak memory usage 2157084kB (SOL-15)
# Info: Running transformation 'memories' on solution 'StemProcessor.v1': elapsed time 37254.63 seconds, memory usage 2157076kB, peak memory usage 2157084kB (SOL-15)
# Info: Running transformation 'memories' on solution 'StemProcessor.v1': elapsed time 37284.57 seconds, memory usage 2157076kB, peak memory usage 2157084kB (SOL-15)
# Info: Running transformation 'memories' on solution 'StemProcessor.v1': elapsed time 37310.29 seconds, memory usage 2157076kB, peak memory usage 2157084kB (SOL-15)
# Info: Running transformation 'memories' on solution 'StemProcessor.v1': elapsed time 37335.76 seconds, memory usage 2157076kB, peak memory usage 2157084kB (SOL-15)
# Info: Running transformation 'memories' on solution 'StemProcessor.v1': elapsed time 37361.17 seconds, memory usage 2157076kB, peak memory usage 2157084kB (SOL-15)
# Info: Running transformation 'memories' on solution 'StemProcessor.v1': elapsed time 37386.33 seconds, memory usage 2157076kB, peak memory usage 2157084kB (SOL-15)
# Info: Running transformation 'memories' on solution 'StemProcessor.v1': elapsed time 37411.74 seconds, memory usage 2157076kB, peak memory usage 2157084kB (SOL-15)
# Info: Running transformation 'memories' on solution 'StemProcessor.v1': elapsed time 37440.42 seconds, memory usage 2157076kB, peak memory usage 2157084kB (SOL-15)
# Info: Running transformation 'memories' on solution 'StemProcessor.v1': elapsed time 37470.36 seconds, memory usage 2157076kB, peak memory usage 2157084kB (SOL-15)
# Info: Running transformation 'memories' on solution 'StemProcessor.v1': elapsed time 37495.75 seconds, memory usage 2157076kB, peak memory usage 2157084kB (SOL-15)
# Info: Running transformation 'memories' on solution 'StemProcessor.v1': elapsed time 37521.41 seconds, memory usage 2157076kB, peak memory usage 2157084kB (SOL-15)
# Info: Running transformation 'memories' on solution 'StemProcessor.v1': elapsed time 37547.13 seconds, memory usage 2157076kB, peak memory usage 2157084kB (SOL-15)
# Info: Running transformation 'memories' on solution 'StemProcessor.v1': elapsed time 37572.37 seconds, memory usage 2157076kB, peak memory usage 2157084kB (SOL-15)
# Info: Running transformation 'memories' on solution 'StemProcessor.v1': elapsed time 37597.97 seconds, memory usage 2157076kB, peak memory usage 2157084kB (SOL-15)
# Info: Running transformation 'memories' on solution 'StemProcessor.v1': elapsed time 37626.16 seconds, memory usage 2157076kB, peak memory usage 2157084kB (SOL-15)
# Info: Running transformation 'memories' on solution 'StemProcessor.v1': elapsed time 37656.09 seconds, memory usage 2157076kB, peak memory usage 2157084kB (SOL-15)
# Info: Running transformation 'memories' on solution 'StemProcessor.v1': elapsed time 37681.83 seconds, memory usage 2157076kB, peak memory usage 2157084kB (SOL-15)
# Info: Running transformation 'memories' on solution 'StemProcessor.v1': elapsed time 37706.85 seconds, memory usage 2157076kB, peak memory usage 2157084kB (SOL-15)
# Info: Running transformation 'memories' on solution 'StemProcessor.v1': elapsed time 37732.43 seconds, memory usage 2157076kB, peak memory usage 2157084kB (SOL-15)
# Info: Running transformation 'memories' on solution 'StemProcessor.v1': elapsed time 37757.99 seconds, memory usage 2157076kB, peak memory usage 2157084kB (SOL-15)
# Info: Running transformation 'memories' on solution 'StemProcessor.v1': elapsed time 37783.47 seconds, memory usage 2157076kB, peak memory usage 2157084kB (SOL-15)
# Info: Running transformation 'memories' on solution 'StemProcessor.v1': elapsed time 37812.49 seconds, memory usage 2157076kB, peak memory usage 2157084kB (SOL-15)
# Info: Running transformation 'memories' on solution 'StemProcessor.v1': elapsed time 37842.46 seconds, memory usage 2157076kB, peak memory usage 2157084kB (SOL-15)
# Info: Running transformation 'memories' on solution 'StemProcessor.v1': elapsed time 37868.10 seconds, memory usage 2157076kB, peak memory usage 2157084kB (SOL-15)
# Info: Running transformation 'memories' on solution 'StemProcessor.v1': elapsed time 37893.11 seconds, memory usage 2157076kB, peak memory usage 2157084kB (SOL-15)
# Info: Running transformation 'memories' on solution 'StemProcessor.v1': elapsed time 37918.47 seconds, memory usage 2157076kB, peak memory usage 2157084kB (SOL-15)
# Info: Running transformation 'memories' on solution 'StemProcessor.v1': elapsed time 37944.17 seconds, memory usage 2157076kB, peak memory usage 2157084kB (SOL-15)
# Info: Running transformation 'memories' on solution 'StemProcessor.v1': elapsed time 37969.95 seconds, memory usage 2157076kB, peak memory usage 2157084kB (SOL-15)
# Info: Running transformation 'memories' on solution 'StemProcessor.v1': elapsed time 37998.30 seconds, memory usage 2157076kB, peak memory usage 2157084kB (SOL-15)
# Info: Running transformation 'memories' on solution 'StemProcessor.v1': elapsed time 38028.24 seconds, memory usage 2157076kB, peak memory usage 2157084kB (SOL-15)
# Info: Running transformation 'memories' on solution 'StemProcessor.v1': elapsed time 38053.82 seconds, memory usage 2157076kB, peak memory usage 2157084kB (SOL-15)
# Info: Running transformation 'memories' on solution 'StemProcessor.v1': elapsed time 38079.01 seconds, memory usage 2157076kB, peak memory usage 2157084kB (SOL-15)
# Info: Running transformation 'memories' on solution 'StemProcessor.v1': elapsed time 38103.97 seconds, memory usage 2157076kB, peak memory usage 2157084kB (SOL-15)
# Info: Running transformation 'memories' on solution 'StemProcessor.v1': elapsed time 38129.39 seconds, memory usage 2157076kB, peak memory usage 2157084kB (SOL-15)
# Info: Running transformation 'memories' on solution 'StemProcessor.v1': elapsed time 38155.03 seconds, memory usage 2157076kB, peak memory usage 2157084kB (SOL-15)
# Info: Running transformation 'memories' on solution 'StemProcessor.v1': elapsed time 38184.18 seconds, memory usage 2157076kB, peak memory usage 2157084kB (SOL-15)
# Info: Running transformation 'memories' on solution 'StemProcessor.v1': elapsed time 38214.13 seconds, memory usage 2157076kB, peak memory usage 2157084kB (SOL-15)
